ZIP,Total_Population,PM2.5,PM2.5_Pctl,Asthma,Asthma_Pctl,Cardiovascular_Disease,Cardiovascular_Disease_Pctl,Deaths_By_Stroke,Stroke_Pctl,Heart_Disease,Heart_Disease_Pctl
90001,4519.0,12.13,82.1,74.34,80.46,11.34,82.86,12.0,57.61,77.0,81.57
90002,4804.92,12.05,81.66,78.43,82.71,11.05,79.44,19.0,78.79,67.0,74.27
90003,4209.7,12.09,81.89,94.99,91.14,13.09,93.27,18.0,76.22,101.0,92.31
90004,3507.41,12.87,92.37,53.01,59.33,5.76,21.99,15.0,68.43,73.0,78.86
90005,3199.64,12.89,92.89,33.5,30.99,5.67,21.33,9.0,46.16,49.0,59.65
90006,3318.13,12.89,92.89,50.32,56.05,6.24,28.12,18.0,76.22,79.0,82.78
90007,3405.71,12.89,92.89,52.1,58.35,7.74,46.95,13.0,61.23,24.0,34.89
90008,4617.0,12.23,82.66,92.11,87.57,7.14,39.2,19.0,78.79,86.0,86.4
90010,3319.0,12.89,92.89,22.98,12.38,3.6,2.58,0.0,4.82,9.0,18.12
90011,4361.62,12.89,92.89,63.32,72.82,9.58,70.14,15.0,68.43,109.0,94.2
90012,3092.1,12.89,92.89,32.0,27.14,4.52,8.62,15.0,68.43,60.0,68.24
90013,5284.0,12.89,92.89,95.6,91.07,5.78,21.75,4.0,27.13,46.0,56.59
90015,3116.67,12.89,92.89,65.44,69.84,7.08,39.78,5.0,30.78,19.0,29.09
90016,3579.25,12.19,82.44,85.75,86.08,8.59,57.27,22.0,84.82,90.0,88.58
90017,3394.0,12.89,92.89,51.43,57.18,5.26,16.28,5.0,30.78,34.0,44.08
90018,3617.6,12.83,91.7,76.76,79.88,8.54,56.46,19.0,78.79,115.0,95.67
90019,4067.31,12.63,88.56,57.76,65.29,7.56,44.63,40.0,99.13,112.0,94.91
90020,3635.91,12.85,92.08,34.5,32.37,4.34,7.74,10.0,50.41,35.0,44.88
90021,2209.67,12.89,92.89,109.0,92.0,7.75,46.89,1.0,13.11,7.0,15.34
90022,4520.31,12.11,82.02,61.29,70.5,11.84,87.6,17.0,74.04,75.0,80.6
90023,4063.23,12.79,90.84,61.5,69.77,9.23,64.68,14.0,65.0,60.0,68.24
90024,4139.5,12.05,81.66,12.11,1.63,5.62,20.36,14.0,65.0,68.0,74.94
90025,4025.2,12.05,81.66,18.08,6.27,6.58,32.29,11.0,54.3,74.0,79.65
90026,3431.1,12.89,92.89,46.95,51.63,6.64,32.95,24.0,88.47,85.0,85.8
90027,2900.25,12.86,92.33,44.86,48.4,9.43,65.06,16.0,71.48,88.0,87.72
90028,3485.0,12.42,85.19,50.2,54.18,8.05,49.65,5.0,30.78,57.0,66.28
90029,3504.2,12.89,92.89,52.38,57.59,8.01,49.6,24.0,88.47,74.0,79.65
90031,4027.0,12.85,92.0,43.31,46.74,5.67,20.01,16.0,71.48,52.0,61.94
90032,3518.0,12.24,82.46,60.3,68.18,8.78,60.02,23.0,86.81,72.0,78.33
90033,3906.17,12.89,92.89,85.87,86.26,9.52,68.32,17.0,74.04,69.0,75.77
90034,3760.71,12.05,81.66,35.69,34.62,8.34,54.28,14.0,65.0,62.0,70.12
90035,3706.0,12.05,81.66,27.49,20.69,6.57,32.29,8.0,42.65,61.0,69.25
90036,3535.2,12.09,81.89,27.98,21.32,6.73,33.65,8.0,42.65,60.0,68.24
90037,4765.86,12.86,92.25,74.63,77.78,8.71,57.68,20.0,81.09,87.0,87.08
90038,3508.75,12.63,88.15,46.1,50.42,7.48,43.67,7.0,39.11,26.0,36.66
90039,3595.14,12.65,87.8,58.41,66.94,8.73,59.71,13.0,61.23,49.0,59.65
90040,4225.5,12.05,81.66,56.37,64.59,10.16,76.04,6.0,34.89,17.0,26.71
90041,3951.25,11.84,75.4,37.81,37.82,6.17,27.0,10.0,50.41,50.0,60.51
90042,3415.38,11.97,78.68,47.68,52.58,7.69,46.68,16.0,71.48,71.0,77.69
90043,3975.08,12.08,81.85,109.24,93.9,8.23,53.29,30.0,95.1,116.0,95.93
90044,4137.15,12.1,81.93,93.24,88.8,9.96,71.15,21.0,82.86,142.0,98.83
90045,3538.82,12.05,81.66,36.4,35.84,7.79,47.86,14.0,65.0,66.0,73.47
90046,3569.08,12.05,81.66,24.87,16.44,7.53,44.63,21.0,82.86,101.0,92.31
90047,4343.0,12.05,81.66,124.14,96.18,10.04,73.56,19.0,78.79,134.0,98.08
90048,2919.86,12.05,81.66,28.9,22.93,7.2,39.66,10.0,50.41,54.0,63.49
90049,2924.75,11.7,72.83,13.46,2.35,4.59,9.23,13.0,61.23,83.0,84.63
90056,6247.0,12.05,81.66,37.58,37.78,5.86,22.04,8.0,42.65,22.0,32.67
90057,3816.09,12.89,92.89,47.57,51.92,6.15,27.6,13.0,61.23,74.0,79.65
90058,2967.67,12.61,86.96,78.58,82.51,10.15,74.72,0.0,4.82,4.0,9.98
90059,4329.89,12.05,81.66,85.99,85.77,9.83,70.33,12.0,57.61,53.0,62.58
90061,4118.0,12.05,81.66,88.56,88.46,11.17,82.53,11.0,54.3,57.0,66.28
90062,5272.8,12.72,89.33,91.5,88.02,10.81,76.82,8.0,42.65,57.0,66.28
90063,3840.44,12.78,90.67,47.82,52.85,9.34,65.22,26.0,91.26,71.0,77.69
90064,3542.14,12.05,81.66,20.9,9.71,6.27,28.01,15.0,68.43,54.0,63.49
90065,3434.57,12.56,87.3,62.72,70.55,7.21,40.33,19.0,78.79,67.0,74.27
90066,3493.27,12.05,81.66,30.79,26.23,6.04,25.38,23.0,86.81,85.0,85.8
90067,2428.0,12.05,81.66,8.87,0.41,2.76,0.39,2.0,19.29,16.0,25.47
90068,3489.0,12.29,83.93,21.96,11.61,6.14,26.48,8.0,42.65,38.0,47.78
90069,3984.0,12.05,81.66,19.69,8.72,4.16,6.42,7.0,39.11,45.0,55.84
90071,2589.0,12.89,92.89,45.11,49.59,3.6,2.48,,,,
90077,4200.67,11.63,69.14,9.21,0.57,3.99,5.81,4.0,27.13,16.0,25.47
90094,6470.0,12.05,81.66,14.32,2.64,4.06,5.05,2.0,19.29,8.0,16.69
90201,4591.77,12.05,81.66,45.72,50.31,9.55,69.32,21.0,82.86,84.0,85.23
90210,4198.0,11.91,77.49,16.43,4.49,5.45,17.35,18.0,76.22,54.0,63.49
90211,4069.0,12.05,81.66,22.35,11.46,4.77,10.47,5.0,30.78,17.0,26.71
90212,5974.0,12.05,81.66,17.73,5.68,5.28,15.21,3.0,23.66,22.0,32.67
90220,4315.0,12.01,80.62,103.68,93.22,12.01,88.09,18.0,76.22,96.0,90.62
90221,4636.82,12.05,81.66,84.67,87.12,13.1,92.95,15.0,68.43,63.0,70.8
90222,5142.17,12.05,81.66,94.79,90.03,11.3,83.38,25.0,89.9,50.0,60.51
90230,3805.0,12.05,81.66,38.69,39.59,7.3,41.28,10.0,50.41,61.0,69.25
90232,4604.75,12.05,81.66,33.53,31.22,6.96,36.67,5.0,30.78,29.0,39.64
90240,6145.0,12.05,81.66,33.44,30.84,7.87,48.82,9.0,46.16,41.0,51.73
90241,4927.25,12.05,81.66,41.98,44.38,8.23,52.59,15.0,68.43,56.0,65.18
90242,4777.4,12.05,81.66,47.98,52.99,8.52,56.75,14.0,65.0,60.0,68.24
90245,2775.67,12.05,81.66,21.8,15.11,6.01,33.34,7.0,39.11,30.0,40.73
90247,4055.7,12.05,81.66,73.05,80.3,9.37,67.29,22.0,84.82,82.0,84.1
90248,2466.8,12.05,81.66,62.16,70.41,8.88,60.31,9.0,46.16,17.0,26.71
90249,4763.0,12.05,81.66,79.5,83.63,9.69,69.59,15.0,68.43,47.0,57.54
90250,5034.8,12.05,81.66,73.1,79.77,9.9,72.3,33.0,96.72,146.0,98.98
90254,3901.2,12.05,81.66,12.91,1.87,5.26,15.78,6.0,34.89,15.0,24.6
90255,3367.0,12.07,81.77,55.5,63.37,10.28,75.91,16.0,71.48,76.0,81.16
90260,5461.5,12.05,81.66,63.22,72.0,8.95,62.36,15.0,68.43,47.0,57.54
90262,6211.73,12.05,81.66,49.67,55.8,9.35,66.47,22.0,84.82,61.0,69.25
90265,3792.8,10.12,46.75,9.02,0.67,3.47,4.63,9.0,46.16,26.0,36.66
90266,4391.88,12.05,81.66,15.91,4.06,4.85,11.28,16.0,71.48,44.0,54.79
90270,3913.57,12.11,81.99,43.32,46.99,9.55,68.78,7.0,39.11,22.0,32.67
90272,3496.57,11.15,64.55,11.42,1.35,5.24,16.38,11.0,54.3,29.0,39.64
90274,3378.14,11.93,78.08,16.04,4.66,4.72,11.57,9.0,46.16,60.0,68.24
90275,4873.67,11.82,76.84,11.57,1.32,3.95,4.53,36.0,98.15,101.0,92.31
90277,4725.86,12.05,81.66,23.89,14.1,6.5,30.61,14.0,65.0,65.0,72.49
90278,5540.14,12.05,81.66,29.02,23.22,5.81,22.07,13.0,61.23,50.0,60.51
90280,4607.9,12.05,81.66,42.53,45.52,10.7,77.87,22.0,84.82,64.0,71.55
90290,7078.0,10.37,52.61,10.37,0.87,4.01,4.65,1.0,13.11,9.0,18.12
90291,3134.11,12.05,81.66,31.45,27.42,7.31,41.47,10.0,50.41,34.0,44.08
90292,5599.0,12.05,81.66,27.71,20.96,5.86,23.02,1.0,13.11,36.0,45.78
90293,4082.67,12.05,81.66,21.4,9.83,5.67,19.86,7.0,39.11,27.0,37.72
90301,4648.62,12.05,81.66,85.15,86.84,11.23,82.14,9.0,46.16,71.0,77.69
90302,4854.83,12.05,81.66,94.43,90.74,7.89,49.24,10.0,50.41,41.0,51.73
90303,3540.0,12.05,81.66,98.38,91.97,11.46,85.1,7.0,39.11,39.0,49.36
90304,4386.83,12.05,81.66,64.72,73.51,10.33,76.22,8.0,42.65,22.0,32.67
90305,2983.6,12.05,81.66,105.24,93.61,8.18,52.96,7.0,39.11,44.0,54.79
90401,4016.0,12.05,81.66,76.95,83.01,6.83,34.96,2.0,19.29,28.0,38.73
90402,5403.5,11.63,69.14,9.7,0.6,3.99,4.57,9.0,46.16,21.0,31.12
90403,4759.8,12.05,81.66,25.26,16.61,5.46,18.11,15.0,68.43,50.0,60.51
90404,4085.0,12.05,81.66,53.02,59.75,5.99,24.32,8.0,42.65,39.0,49.36
90405,5320.8,12.05,81.66,31.72,28.02,5.83,21.73,11.0,54.3,53.0,62.58
90501,5384.12,11.94,78.53,50.41,57.78,6.08,32.0,12.0,57.61,70.0,76.79
90502,6003.0,11.77,73.31,42.52,45.32,6.89,35.97,12.0,57.61,43.0,53.65
90503,4530.8,12.05,81.66,25.85,17.56,5.85,22.34,24.0,88.47,98.0,91.48
90504,4797.43,12.05,81.66,45.99,50.8,7.19,39.81,11.0,54.3,64.0,71.55
90505,4784.38,12.05,81.66,26.1,18.1,6.19,26.53,24.0,88.47,79.0,82.78
90506,5087.0,12.05,81.66,74.07,81.37,9.64,70.91,0.0,4.82,0.0,1.51
90601,4583.0,12.05,81.66,60.21,68.41,11.4,83.06,11.0,54.3,59.0,67.48
90602,3442.8,12.05,81.66,72.02,79.11,14.04,94.97,11.0,54.3,48.0,58.67
90603,4732.0,11.77,73.31,48.47,54.16,12.45,89.7,9.0,46.16,57.0,66.28
90604,4715.78,11.77,75.45,57.84,65.94,12.37,89.02,17.0,74.04,61.0,69.25
90605,4535.88,12.05,81.66,55.24,62.4,10.44,76.15,13.0,61.23,46.0,56.59
90606,4710.83,12.05,81.66,65.72,74.59,14.79,96.78,15.0,68.43,51.0,61.34
90620,6031.0,11.21,66.23,43.44,46.5,8.58,57.33,22.0,84.82,97.0,91.07
90621,6273.0,11.21,66.23,54.08,61.52,7.9,49.41,13.0,61.23,45.0,55.84
90623,4718.0,11.21,66.23,24.82,15.63,6.16,25.88,8.0,42.65,23.0,34.02
90630,4704.0,11.21,66.23,29.57,24.33,8.44,55.92,21.0,82.86,75.0,80.6
90631,4701.08,11.27,66.68,50.71,57.04,9.26,66.23,35.0,97.55,113.0,95.21
90638,4852.7,11.38,67.39,35.75,34.68,9.6,67.86,23.0,86.81,102.0,92.8
90640,4292.93,12.05,81.66,48.65,54.06,9.74,69.76,29.0,94.27,130.0,97.78
90650,5062.71,11.87,76.75,57.88,65.98,12.36,88.22,44.0,99.89,165.0,99.55
90660,4941.08,12.05,81.66,62.37,71.71,13.58,94.69,25.0,89.9,118.0,96.42
90670,3717.4,11.97,79.16,49.92,55.41,10.24,74.07,6.0,34.89,38.0,47.78
90680,5433.0,11.21,66.23,40.14,41.72,6.56,31.54,14.0,65.0,42.0,52.83
90701,5507.33,11.21,66.23,34.37,32.43,8.99,63.04,4.0,27.13,41.0,51.73
90703,4458.27,11.25,66.49,37.94,38.18,8.08,51.29,22.0,84.82,73.0,78.86
90704,2048.0,5.6,33.12,49.39,55.37,6.76,34.06,0.0,4.82,10.0,19.82
90706,4256.44,11.98,79.57,73.32,79.56,10.39,76.29,27.0,92.39,115.0,95.67
90710,3427.12,11.26,66.59,44.0,47.52,7.81,47.53,11.0,54.3,44.0,54.79
90712,4410.29,11.33,67.06,50.15,56.4,8.14,52.43,12.0,57.61,61.0,69.25
90713,4654.0,11.28,66.72,39.06,40.35,9.22,65.55,16.0,71.48,55.0,64.36
90715,4875.6,11.21,66.23,63.61,68.17,9.62,64.2,7.0,39.11,38.0,47.78
90716,5189.5,11.21,66.23,53.1,60.32,8.57,57.7,6.0,34.89,17.0,26.71
90717,4939.75,11.63,69.14,42.02,44.54,6.19,26.67,8.0,42.65,50.0,60.51
90720,3645.71,11.21,66.23,25.28,16.91,5.94,24.07,11.0,54.3,51.0,61.34
90723,4918.0,12.05,81.66,54.12,61.09,10.03,72.62,24.0,88.47,55.0,64.36
90731,3579.69,11.21,66.23,78.41,81.93,9.09,64.21,23.0,86.81,96.0,90.62
90732,3408.14,11.21,66.23,42.96,45.03,5.44,18.75,12.0,57.61,53.0,62.58
90740,3136.43,11.21,66.23,24.97,16.09,7.5,44.03,41.0,99.36,156.0,99.4
90742,1253.0,11.21,66.23,11.16,1.16,3.09,0.8,1.0,13.11,6.0,13.72
90744,3501.67,11.21,66.23,66.21,74.24,9.91,71.67,12.0,57.61,70.0,76.79
90745,4446.23,11.44,68.54,49.6,56.98,8.14,59.29,27.0,92.39,114.0,95.4
90746,4992.75,12.05,81.66,85.02,86.74,8.75,59.81,15.0,68.43,59.0,67.48
90747,5418.0,12.05,81.66,61.08,70.37,6.86,35.36,,,,
90755,3692.33,11.21,66.23,41.24,43.97,7.69,46.62,7.0,39.11,14.0,23.62
90802,4016.4,11.21,66.23,70.85,76.49,7.94,49.26,10.0,50.41,77.0,81.57
90803,3622.8,11.21,66.23,24.41,17.9,6.4,34.86,15.0,68.43,70.0,76.79
90804,4898.38,11.21,66.23,79.05,83.84,9.81,71.41,14.0,65.0,60.0,68.24
90805,4847.32,11.7,73.14,79.85,84.13,9.86,72.09,27.0,92.39,133.0,97.93
90806,4444.4,11.21,66.23,85.62,86.87,9.76,70.81,19.0,78.79,61.0,69.25
90807,3930.88,11.21,66.23,40.24,41.93,5.88,23.47,20.0,81.09,78.0,82.1
90808,4293.89,11.21,66.23,23.94,17.34,6.23,33.14,19.0,78.79,96.0,90.62
90810,3672.4,11.21,66.23,68.66,76.94,9.03,63.18,14.0,65.0,65.0,72.49
90813,4110.43,11.21,66.23,115.45,95.21,11.32,83.13,17.0,74.04,78.0,82.1
90814,5005.67,11.21,66.23,28.59,22.63,5.02,12.79,7.0,39.11,21.0,31.12
90815,3552.82,11.21,66.23,26.77,20.07,6.47,31.61,15.0,68.43,98.0,91.48
90840,1863.0,11.21,66.23,14.54,2.87,3.81,3.48,,,,
91001,5102.57,10.19,48.43,40.54,42.56,6.05,24.62,19.0,78.79,79.0,82.78
91006,4743.43,10.61,54.25,16.74,4.81,5.43,17.77,16.0,71.48,54.0,63.49
91007,4892.71,10.61,55.09,15.98,4.16,4.71,10.28,24.0,88.47,72.0,78.33
91008,1292.0,10.79,54.48,19.05,7.03,3.56,2.21,0.0,4.82,4.0,9.98
91010,5681.0,11.13,63.88,51.59,57.2,7.94,49.76,16.0,71.48,68.0,74.94
91011,3396.17,10.44,52.16,18.05,7.86,5.29,15.88,5.0,30.78,40.0,50.6
91016,4829.22,10.46,52.15,32.53,29.17,7.0,37.63,17.0,74.04,83.0,84.63
91020,6026.0,11.21,66.23,21.05,9.18,7.56,44.58,6.0,34.89,20.0,30.11
91024,5458.5,10.16,47.74,17.31,5.22,5.24,15.16,1.0,13.11,25.0,35.8
91030,5123.2,11.38,67.39,15.19,3.51,4.97,12.84,6.0,34.89,42.0,52.83
91040,4564.0,11.42,67.68,45.88,50.41,9.55,68.04,11.0,54.3,40.0,50.6
91042,3695.71,11.21,64.97,37.41,37.32,9.11,62.66,4.0,27.13,55.0,64.36
91101,4143.33,10.65,53.86,25.19,16.57,4.85,11.93,5.0,30.78,35.0,44.88
91103,4341.75,10.68,54.01,44.76,47.33,5.94,25.58,18.0,76.22,68.0,74.94
91104,4420.88,10.37,52.61,35.92,35.0,5.75,21.64,19.0,78.79,76.0,81.16
91105,3653.0,11.21,66.23,19.19,7.14,4.1,5.52,6.0,34.89,36.0,45.78
91106,4893.2,10.62,55.71,23.64,14.03,4.87,12.23,9.0,46.16,30.0,40.73
91107,3463.33,10.37,51.73,26.1,18.05,5.8,21.42,9.0,46.16,72.0,78.33
91108,6573.5,10.79,54.48,11.39,1.22,4.31,6.84,4.0,27.13,27.0,37.72
91201,4556.2,12.05,81.66,30.63,26.11,9.18,64.74,12.0,57.61,40.0,50.6
91202,3632.5,12.05,81.66,33.83,31.61,8.09,51.79,14.0,65.0,65.0,72.49
91203,4404.33,12.05,81.66,35.91,35.02,8.64,58.6,7.0,39.11,25.0,35.8
91204,4876.33,12.05,81.66,66.63,75.16,9.75,71.3,7.0,39.11,30.0,40.73
91205,4535.22,12.05,81.66,49.61,55.01,11.89,83.8,23.0,86.81,89.0,88.13
91206,4633.71,11.93,78.08,32.51,29.27,8.51,56.19,20.0,81.09,68.0,74.94
91207,6047.5,11.84,75.4,20.86,10.34,6.82,35.28,9.0,46.16,25.0,35.8
91208,7048.0,11.49,68.17,17.5,5.7,6.07,24.81,3.0,23.66,27.0,37.72
91214,5459.2,11.04,61.53,35.72,34.73,7.83,48.27,13.0,61.23,30.0,40.73
91301,4989.12,9.75,41.89,16.3,5.66,5.46,22.37,12.0,57.61,48.0,58.67
91302,6046.75,10.27,50.17,17.01,5.54,5.23,15.66,7.0,39.11,32.0,42.28
91303,4122.88,10.37,52.61,48.04,52.1,7.57,44.9,7.0,39.11,37.0,46.65
91304,3622.75,10.27,50.17,51.15,57.26,7.71,46.74,19.0,78.79,89.0,88.13
91306,4857.7,10.37,52.61,57.42,65.66,10.16,74.21,12.0,57.61,70.0,76.79
91307,4041.43,10.31,51.22,35.18,33.8,6.53,30.98,10.0,50.41,62.0,70.12
91311,3517.33,10.23,49.36,40.1,41.46,7.27,41.13,19.0,78.79,85.0,85.8
91316,4285.83,10.37,52.61,36.39,35.7,6.12,25.7,10.0,50.41,69.0,75.77
91320,4887.67,9.54,40.92,21.36,11.33,6.66,34.37,14.0,65.0,54.0,63.49
91321,5709.86,10.25,49.82,32.01,28.33,9.81,68.76,13.0,61.23,64.0,71.55
91324,4147.67,10.37,52.61,47.36,51.98,7.85,48.37,10.0,50.41,73.0,78.86
91325,4292.0,10.37,52.61,43.34,46.69,8.3,54.01,14.0,65.0,74.0,79.65
91326,3926.12,10.37,52.61,27.28,20.22,6.85,35.24,12.0,57.61,66.0,73.47
91330,2776.0,10.37,52.61,26.08,17.92,5.23,14.72,,,,
91331,4309.5,11.25,66.47,71.03,78.88,7.41,42.9,33.0,96.72,112.0,94.91
91335,4831.19,10.37,52.61,70.2,77.6,10.29,75.7,42.0,99.51,164.0,99.47
91340,5515.43,11.21,66.23,63.82,71.0,5.28,16.01,7.0,39.11,46.0,56.59
91342,3873.95,11.06,63.15,60.0,68.37,7.67,46.49,24.0,88.47,136.0,98.23
91343,3933.33,10.99,61.28,69.76,76.77,7.91,49.32,24.0,88.47,87.0,87.08
91344,3732.07,10.62,55.05,48.65,53.81,6.98,37.61,26.0,91.26,106.0,93.82
91345,3691.8,11.21,66.23,62.62,70.68,5.86,22.79,11.0,54.3,67.0,74.27
91350,3523.67,9.88,43.84,27.24,20.09,10.03,72.18,7.0,39.11,50.0,60.51
91351,4119.5,9.9,43.77,41.27,42.77,9.86,69.98,9.0,46.16,38.0,47.78
91352,3348.2,11.97,79.16,66.0,72.24,7.72,50.23,18.0,76.22,70.0,76.79
91354,4095.0,9.7,41.7,18.31,6.39,7.43,43.0,4.0,27.13,18.0,27.96
91355,4833.7,10.2,48.71,20.02,9.44,7.5,43.96,11.0,54.3,50.0,60.51
91356,3614.12,10.37,52.61,45.71,49.49,8.06,50.93,13.0,61.23,58.0,67.07
91360,4251.4,9.54,40.92,27.93,21.38,7.37,42.33,29.0,94.27,87.0,87.08
91361,4397.75,9.54,40.92,16.49,4.47,6.61,32.02,14.0,65.0,35.0,44.88
91362,4449.5,9.54,40.92,25.03,16.59,6.43,30.18,12.0,57.61,67.0,74.27
91364,4045.0,10.37,52.61,30.85,26.61,6.67,33.53,18.0,76.22,81.0,83.72
91367,3436.29,10.37,52.61,37.82,38.25,7.78,47.85,13.0,61.23,88.0,87.72
91371,2819.0,10.37,52.61,24.53,15.17,4.67,9.56,0.0,4.82,1.0,4.33
91377,3981.0,9.54,40.92,12.69,2.06,4.15,6.96,5.0,30.78,13.0,22.65
91381,6280.5,10.16,47.74,17.74,5.68,8.98,62.72,4.0,27.13,12.0,21.7
91384,4527.14,8.52,27.25,24.48,15.61,9.86,70.86,10.0,50.41,26.0,36.66
91387,4072.44,9.49,38.58,34.45,32.65,9.07,63.39,9.0,46.16,42.0,52.83
91390,3242.78,8.7,28.54,18.0,7.49,8.1,51.55,6.0,34.89,25.0,35.8
91401,3779.3,11.34,67.1,54.22,61.08,12.71,88.72,14.0,65.0,64.0,71.55
91402,3955.22,11.21,66.23,84.13,85.22,9.34,65.7,23.0,86.81,69.0,75.77
91403,3888.6,11.21,66.23,31.12,27.28,10.32,70.63,11.0,54.3,44.0,54.79
91405,4233.17,11.21,66.23,82.41,81.67,12.03,84.49,10.0,50.41,78.0,82.1
91406,3360.18,10.77,57.28,63.17,69.27,9.02,61.44,8.0,42.65,80.0,83.35
91411,3977.17,11.21,66.23,52.79,58.2,9.85,67.81,11.0,54.3,38.0,47.78
91423,3750.0,11.52,69.61,25.63,18.24,8.1,51.95,6.0,34.89,54.0,63.49
91436,4641.5,11.0,60.36,21.11,10.34,5.68,21.08,1.0,13.11,38.0,47.78
91501,5433.33,12.05,81.66,31.16,26.85,6.06,26.99,12.0,57.61,32.0,42.28
91502,4285.0,12.13,82.13,34.44,32.27,6.28,28.3,5.0,30.78,22.0,32.67
91504,3588.4,12.05,81.66,36.68,36.36,6.4,29.13,9.0,46.16,65.0,72.49
91505,3498.67,12.05,81.66,32.95,32.98,5.67,26.48,9.0,46.16,67.0,74.27
91506,5972.0,12.19,82.44,41.94,44.76,6.31,27.86,13.0,61.23,38.0,47.78
91601,3628.9,12.05,81.66,50.91,57.08,8.01,50.6,12.0,57.61,38.0,47.78
91602,3741.17,12.05,81.66,32.7,29.46,6.04,24.58,3.0,23.66,27.0,37.72
91604,4500.0,12.05,81.66,22.26,11.93,6.62,32.74,13.0,61.23,50.0,60.51
91605,3977.46,11.92,78.55,66.7,74.12,11.56,83.58,21.0,82.86,91.0,89.07
91606,3714.25,12.02,80.62,56.51,63.2,10.36,73.07,23.0,86.81,80.0,83.35
91607,3793.67,12.05,81.66,36.52,36.07,7.6,45.0,13.0,61.23,65.0,72.49
91608,0.0,12.05,81.66,0.0,0.0,0.0,0.0,0.0,4.82,1.0,4.33
91701,5046.0,12.78,90.66,28.39,22.2,8.33,54.52,21.0,82.86,93.0,89.79
91702,4118.62,11.18,65.33,61.42,69.6,8.56,57.4,8.0,42.65,68.0,74.94
91706,4466.35,11.23,66.4,57.45,65.33,9.79,70.13,26.0,91.26,85.0,85.8
91708,7571.0,13.1,93.26,22.84,12.29,6.44,29.42,1.0,13.11,3.0,8.21
91709,6215.18,12.7,88.84,26.07,17.95,7.95,49.8,16.0,71.48,63.0,70.8
91710,5515.62,12.89,92.89,46.88,51.55,11.67,83.77,32.0,96.31,117.0,96.19
91711,4670.12,12.26,83.12,34.8,33.24,7.67,46.12,22.0,84.82,91.0,89.07
91722,4604.75,11.21,66.23,41.48,43.83,7.55,44.32,12.0,57.61,50.0,60.51
91723,4881.67,11.21,66.23,50.0,54.51,7.27,40.99,10.0,50.41,39.0,49.36
91724,4905.86,11.33,67.06,44.28,47.01,7.41,43.34,12.0,57.61,42.0,52.83
91730,5531.17,12.89,92.89,42.57,45.15,10.37,74.24,17.0,74.04,92.0,89.45
91731,4518.12,11.32,66.96,44.57,48.42,7.53,44.05,8.0,42.65,40.0,50.6
91732,4616.31,11.53,71.43,59.02,66.57,7.61,45.39,14.0,65.0,63.0,70.8
91733,3804.0,12.01,80.41,52.59,59.6,8.49,56.99,12.0,57.61,64.0,71.55
91737,5308.33,12.61,86.96,27.53,20.52,8.48,56.82,3.0,23.66,27.0,37.72
91739,8501.8,12.89,91.26,26.06,18.88,7.8,48.09,11.0,54.3,30.0,40.73
91740,4381.0,11.21,66.23,48.66,54.52,7.49,43.92,15.0,68.43,71.0,77.69
91741,3621.38,11.0,61.59,36.61,35.67,7.07,38.24,10.0,50.41,40.0,50.6
91744,4935.75,11.32,66.96,61.43,69.42,9.65,69.21,26.0,91.26,119.0,96.57
91745,3971.79,12.02,80.77,45.61,50.29,9.61,70.39,23.0,86.81,95.0,90.35
91746,4662.62,11.68,73.11,45.67,50.02,8.51,56.95,9.0,46.16,34.0,44.08
91748,4292.18,11.52,68.35,28.9,23.18,6.28,27.73,15.0,68.43,54.0,63.49
91750,4724.14,11.51,68.42,33.31,30.73,7.49,43.63,17.0,74.04,79.0,82.78
91752,5286.57,14.21,94.97,38.34,38.69,10.63,76.29,5.0,30.78,46.0,56.59
91754,3615.56,12.1,81.92,32.59,29.49,5.68,20.06,31.0,95.78,64.0,71.55
91755,4956.17,11.98,79.57,23.08,12.71,4.15,5.77,15.0,68.43,64.0,71.55
91761,5035.62,13.18,93.45,46.92,51.66,12.78,89.39,13.0,61.23,57.0,66.28
91762,4867.0,12.89,92.89,62.69,71.05,11.57,84.04,16.0,71.48,90.0,88.58
91763,5499.88,12.89,92.89,65.0,72.48,11.22,80.2,8.0,42.65,57.0,66.28
91764,4831.09,12.93,92.96,66.16,73.2,10.57,76.71,17.0,74.04,47.0,57.54
91765,5057.0,12.05,80.53,22.73,12.41,7.07,38.51,13.0,61.23,66.0,73.47
91766,5253.23,12.79,90.84,66.35,74.48,9.7,70.23,22.0,84.82,62.0,70.12
91767,5018.56,12.7,89.66,68.31,74.9,8.26,53.44,16.0,71.48,84.0,85.23
91768,3931.22,12.28,83.68,69.03,75.86,8.21,53.23,12.0,57.61,38.0,47.78
91770,4357.79,11.66,73.47,35.05,33.47,6.16,26.28,25.0,89.9,74.0,79.65
91773,4976.71,11.39,66.36,37.18,37.24,7.4,42.63,11.0,54.3,102.0,92.8
91775,4015.33,11.0,60.36,18.95,7.11,4.15,5.76,6.0,34.89,51.0,61.34
91776,5399.14,11.21,66.23,26.16,18.19,6.4,29.24,12.0,57.61,70.0,76.79
91780,4776.43,11.21,66.23,23.35,13.11,6.28,27.58,20.0,81.09,57.0,66.28
91784,3865.86,12.47,84.41,30.12,25.36,7.36,42.36,13.0,61.23,61.0,69.25
91786,4538.73,12.81,91.27,73.72,80.34,11.04,81.62,15.0,68.43,110.0,94.5
91789,3697.9,11.71,72.6,23.93,14.35,6.98,37.16,21.0,82.86,64.0,71.55
91790,4995.62,11.21,66.23,43.14,46.44,8.21,53.04,19.0,78.79,69.0,75.77
91791,4000.14,11.21,66.23,36.2,35.64,7.19,39.72,23.0,86.81,70.0,76.79
91792,4086.78,11.3,66.88,34.17,31.92,6.31,28.32,15.0,68.43,42.0,52.83
91801,4259.0,11.35,67.2,32.87,29.71,6.12,26.09,29.0,94.27,92.0,89.45
91803,3997.62,11.79,73.83,30.2,25.43,5.44,18.46,11.0,54.3,60.0,68.24
91901,4547.75,11.84,72.85,29.68,24.53,6.33,28.06,10.0,50.41,35.0,44.88
91902,5300.2,11.71,71.53,35.09,32.99,6.23,27.36,15.0,68.43,33.0,43.14
91906,7589.0,9.5,32.7,40.32,42.43,6.63,32.08,2.0,19.29,7.0,15.34
91910,4232.65,11.46,69.0,52.75,59.57,7.47,43.57,41.0,99.36,124.0,97.14
91911,4786.73,11.94,75.57,67.1,75.97,8.66,59.09,40.0,99.13,141.0,98.72
91913,10206.25,12.68,88.44,20.28,9.33,3.77,3.87,6.0,34.89,28.0,38.73
91914,7922.0,13.73,94.67,21.17,9.43,5.27,15.14,6.0,34.89,16.0,25.47
91915,11254.67,14.15,94.87,25.28,16.52,5.45,17.65,4.0,27.13,8.0,16.69
91916,2122.0,11.01,54.57,51.18,57.72,8.74,60.03,1.0,13.11,4.0,9.98
91932,4378.33,12.68,88.18,73.11,80.6,7.4,42.48,9.0,46.16,42.0,52.83
91935,6319.33,13.45,91.21,13.7,2.44,4.47,8.75,5.0,30.78,13.0,22.65
91941,4354.78,11.21,66.23,33.85,31.41,4.69,10.63,23.0,86.81,56.0,65.18
91942,4712.38,10.95,58.89,62.63,69.97,8.16,52.18,29.0,94.27,94.0,90.09
91945,4340.5,11.21,66.23,59.1,67.45,6.88,35.57,16.0,71.48,57.0,66.28
91950,4428.14,11.24,66.44,67.44,73.35,9.02,62.39,42.0,99.51,109.0,94.2
91977,4213.83,11.6,71.3,65.62,73.86,6.74,33.88,26.0,91.26,138.0,98.57
91978,4117.0,11.63,69.14,29.14,23.66,5.18,14.35,4.0,27.13,17.0,26.71
92003,4564.0,8.7,30.7,35.77,34.9,6.17,25.96,4.0,27.13,10.0,19.82
92004,4440.0,7.11,10.77,16.49,4.46,6.31,27.69,1.0,13.11,10.0,19.82
92007,5355.0,10.37,52.61,28.66,22.85,5.64,19.36,2.0,19.29,18.0,27.96
92008,5587.5,9.61,41.24,25.65,17.74,4.74,10.29,18.0,76.22,61.0,69.25
92009,7856.8,10.2,48.71,16.8,4.84,5.88,22.6,25.0,89.9,73.0,78.86
92010,6676.0,9.68,41.57,22.5,12.07,4.82,11.28,10.0,50.41,21.0,31.12
92011,5478.67,9.82,42.21,16.68,4.84,5.33,16.54,9.0,46.16,29.0,39.64
92014,5596.75,10.06,45.3,11.6,1.36,3.2,1.47,6.0,34.89,22.0,32.67
92019,4504.38,11.32,66.96,31.68,27.81,6.06,25.08,25.0,89.9,82.0,84.1
92020,4549.21,11.21,66.23,51.22,57.42,8.57,57.14,35.0,97.55,129.0,97.59
92021,5746.6,11.21,66.23,52.34,58.93,6.96,36.61,34.0,97.02,114.0,95.4
92024,4301.25,10.37,52.61,17.7,5.7,4.68,10.04,26.0,91.26,88.0,87.72
92025,4798.91,10.37,52.61,33.0,29.9,5.91,23.96,20.0,81.09,86.0,86.4
92026,5109.0,10.21,49.93,25.66,17.27,6.56,31.48,24.0,88.47,86.0,86.4
92027,5492.09,10.29,50.84,32.2,28.72,6.51,30.89,27.0,92.39,66.0,73.47
92028,5342.5,7.49,13.17,30.83,26.62,6.64,32.39,29.0,94.27,102.0,92.8
92029,5728.6,10.37,52.61,18.95,7.37,5.06,14.11,11.0,54.3,36.0,45.78
92036,3075.0,9.55,40.93,21.66,10.27,6.26,26.94,2.0,19.29,6.0,13.72
92037,4283.54,9.89,44.96,15.7,3.94,3.6,2.64,20.0,81.09,79.0,82.78
92040,4932.67,11.07,62.31,39.62,40.89,7.17,39.59,16.0,71.48,88.0,87.72
92054,4726.88,9.22,36.29,47.86,52.78,8.01,50.93,16.0,71.48,63.0,70.8
92055,37452.0,8.28,20.16,22.72,11.89,4.48,7.94,0.0,4.82,0.0,1.51
92056,5198.67,9.43,38.84,30.92,26.39,6.1,26.32,34.0,97.02,112.0,94.91
92057,6095.88,8.7,29.62,29.77,24.67,5.64,20.0,25.0,89.9,91.0,89.07
92058,5390.0,8.91,31.66,37.75,38.2,6.97,36.88,9.0,46.16,41.0,51.73
92061,7458.0,7.02,10.74,21.13,9.35,4.64,9.15,2.0,19.29,5.0,11.98
92064,4247.2,10.29,50.66,22.58,12.52,6.05,25.8,20.0,81.09,87.0,87.08
92065,4755.88,10.22,47.97,23.89,14.47,6.7,33.73,3.0,23.66,48.0,58.67
92067,4973.0,10.37,52.61,8.36,0.39,3.73,3.12,6.0,34.89,12.0,21.7
92069,5103.75,10.27,50.17,24.39,15.12,5.88,22.77,8.0,42.65,49.0,59.65
92071,4974.79,10.67,54.94,33.73,31.96,6.85,36.4,24.0,88.47,92.0,89.45
92075,3831.67,10.37,52.61,19.61,8.18,3.87,4.41,4.0,27.13,22.0,32.67
92078,7634.5,10.23,49.36,15.87,4.74,4.01,6.94,28.0,93.33,116.0,95.93
92081,5006.2,9.62,41.31,28.34,22.47,5.79,23.15,6.0,34.89,42.0,52.83
92082,5869.33,8.42,23.67,20.35,8.97,5.44,18.17,11.0,54.3,29.0,39.64
92083,4204.0,9.54,40.92,46.62,51.08,6.34,28.88,18.0,76.22,41.0,51.73
92084,5715.33,9.44,38.37,35.09,33.63,6.27,28.64,24.0,88.47,89.0,88.13
92086,3192.0,7.38,10.89,21.73,10.4,4.71,10.01,0.0,4.82,10.0,19.82
92101,3845.75,11.21,66.23,75.67,81.75,9.1,64.13,19.0,78.79,79.0,82.78
92102,4082.27,11.21,66.23,84.02,84.73,7.35,42.62,10.0,50.41,32.0,42.28
92103,3341.56,10.74,56.47,48.55,54.01,7.66,45.98,10.0,50.41,57.0,66.28
92104,4692.78,10.74,56.47,62.58,71.41,7.33,41.76,10.0,50.41,40.0,50.6
92105,4897.0,10.85,58.98,71.0,77.04,8.65,57.9,39.0,98.79,87.0,87.08
92106,4500.0,11.09,62.87,19.95,9.17,3.47,2.73,10.0,50.41,38.0,47.78
92107,3894.67,10.86,58.08,33.0,30.09,5.35,16.76,6.0,34.89,28.0,38.73
92108,4899.33,10.23,49.36,20.13,9.55,3.6,3.62,6.0,34.89,19.0,29.09
92109,3630.67,10.37,52.61,21.6,10.46,5.21,15.04,17.0,74.04,46.0,56.59
92110,3085.5,10.51,53.23,27.04,20.32,5.0,13.62,11.0,54.3,53.0,62.58
92111,5026.22,10.0,45.68,50.05,55.73,4.14,6.19,21.0,82.86,66.0,73.47
92113,4353.0,11.21,66.23,109.57,92.87,8.56,57.35,14.0,65.0,50.0,60.51
92114,4796.36,11.27,66.65,94.39,88.9,7.45,43.42,32.0,96.31,112.0,94.91
92115,4712.67,10.51,53.23,43.97,47.34,5.21,15.71,16.0,71.48,83.0,84.63
92116,4206.22,10.37,52.61,40.41,42.03,5.94,23.63,8.0,42.65,33.0,43.14
92117,5584.56,9.72,41.78,37.5,37.66,5.35,17.4,35.0,97.55,97.0,91.07
92118,2272.38,11.32,66.96,18.45,8.82,2.69,0.91,14.0,65.0,31.0,41.6
92119,5120.75,10.68,54.01,27.3,20.33,5.75,21.62,12.0,57.61,58.0,67.07
92120,4466.33,10.16,47.74,32.39,29.09,5.79,22.1,20.0,81.09,71.0,77.69
92121,4320.33,9.54,40.92,16.27,7.48,3.62,5.82,1.0,13.11,4.0,9.98
92122,4624.38,9.54,40.92,17.26,5.3,4.95,12.76,20.0,81.09,74.0,79.65
92123,4503.14,9.9,42.58,37.58,37.6,5.15,14.41,14.0,65.0,44.0,54.79
92124,4156.0,9.68,41.57,26.77,19.45,4.94,12.35,6.0,34.89,17.0,26.71
92126,4640.17,9.54,40.92,33.82,31.46,6.47,30.29,26.0,91.26,81.0,83.72
92127,11503.33,10.37,52.61,14.87,3.18,4.8,11.1,15.0,68.43,42.0,52.83
92128,5217.6,10.2,48.71,16.13,4.31,5.06,13.93,28.0,93.33,101.0,92.31
92129,4733.83,9.75,42.54,21.42,10.87,4.57,9.57,10.0,50.41,39.0,49.36
92130,6858.86,9.66,41.47,12.63,1.74,3.99,4.62,8.0,42.65,25.0,35.8
92131,4485.0,9.54,40.92,14.8,3.21,4.63,9.58,8.0,42.65,19.0,29.09
92134,198.0,11.21,66.23,36.7,36.67,7.58,44.86,0.0,4.82,0.0,1.51
92135,6520.0,11.21,66.23,11.63,1.28,1.7,0.1,0.0,4.82,0.0,1.51
92136,6530.0,11.21,66.23,24.1,14.32,5.4,16.64,0.0,4.82,0.0,1.51
92139,4699.71,11.33,67.06,57.81,66.05,7.97,49.98,17.0,74.04,53.0,62.58
92140,3435.0,11.21,66.23,7.05,0.21,6.07,24.82,,,,
92145,5028.0,9.54,40.92,10.5,0.91,4.31,6.82,,,,
92154,5817.71,13.46,92.04,46.66,51.28,6.98,37.0,30.0,95.1,110.0,94.5
92173,5439.2,14.49,95.08,58.29,66.97,9.34,67.03,7.0,39.11,41.0,51.73
92201,4829.31,8.21,21.06,57.11,64.73,9.79,70.44,23.0,86.81,97.0,91.07
92203,4669.8,7.94,18.28,26.98,19.74,6.54,31.35,5.0,30.78,41.0,51.73
92210,1891.5,7.65,14.8,16.18,4.22,5.72,20.91,7.0,39.11,22.0,32.67
92211,4462.2,7.52,13.0,23.52,13.95,5.91,24.06,29.0,94.27,119.0,96.57
92220,4135.0,7.5,13.55,101.81,91.78,20.2,99.88,17.0,74.04,133.0,97.93
92223,4227.56,8.93,31.51,60.71,68.93,14.99,97.12,12.0,57.61,77.0,81.57
92225,2507.5,10.32,44.53,90.01,89.32,15.16,97.93,8.0,42.65,34.0,44.08
92227,5201.6,8.03,20.39,137.74,98.04,10.72,80.63,10.0,50.41,52.0,61.94
92231,7843.2,13.23,89.36,51.73,58.54,13.13,93.41,10.0,50.41,44.0,54.79
92233,4804.0,8.28,20.16,60.52,69.66,8.22,53.76,1.0,13.11,5.0,11.98
92234,3611.46,7.02,10.74,41.7,44.18,8.79,60.18,21.0,82.86,94.0,90.09
92236,5270.12,8.12,20.3,45.5,49.44,8.25,53.51,7.0,39.11,30.0,40.73
92239,3281.0,9.69,39.74,81.17,84.5,11.12,83.38,0.0,4.82,1.0,4.33
92240,4877.62,5.55,4.33,68.49,75.74,9.17,65.03,23.0,86.81,88.0,87.72
92241,2607.67,6.18,6.73,29.98,25.14,7.49,43.76,6.0,34.89,33.0,43.14
92242,1520.0,9.4,32.68,29.47,24.14,5.59,18.9,1.0,13.11,11.0,20.84
92243,5652.64,8.24,22.64,97.94,88.4,12.89,89.48,19.0,78.79,64.0,71.55
92250,4061.5,10.16,47.74,93.68,90.76,13.66,95.06,1.0,13.11,12.0,21.7
92251,12047.0,8.7,30.7,75.86,82.53,12.33,90.21,5.0,30.78,23.0,34.02
92252,4512.0,4.51,1.86,76.82,83.14,15.81,98.58,5.0,30.78,43.0,53.65
92253,5110.33,7.86,17.81,29.51,24.27,7.02,37.61,23.0,86.81,87.0,87.08
92254,13694.0,6.51,7.97,29.46,24.11,10.08,75.41,1.0,13.11,6.0,13.72
92256,4615.0,4.72,2.09,53.63,60.96,13.34,94.07,1.0,13.11,9.0,18.12
92260,3050.92,7.13,11.0,27.43,20.57,5.34,16.62,28.0,93.33,129.0,97.59
92262,3518.22,6.88,10.05,53.01,60.17,9.15,64.88,17.0,74.04,127.0,97.32
92264,2382.5,6.97,10.48,44.96,49.03,6.62,32.13,16.0,71.48,88.0,87.72
92270,3189.0,7.02,10.74,25.12,16.27,6.29,27.74,15.0,68.43,103.0,93.1
92274,6703.0,7.72,15.15,37.27,37.38,8.0,50.64,6.0,34.89,21.0,31.12
92276,4091.5,6.81,9.7,28.67,23.68,5.85,25.88,6.0,34.89,27.0,37.72
92277,3967.0,5.52,5.8,40.03,41.83,13.29,93.9,3.0,23.66,36.0,45.78
92278,8442.0,5.97,4.87,21.9,10.55,7.58,44.86,0.0,4.82,0.0,1.51
92281,2640.0,8.28,20.16,163.56,99.09,16.87,99.33,2.0,19.29,4.0,9.98
92282,1196.0,5.76,4.73,91.97,89.99,10.39,77.53,0.0,4.82,3.0,8.21
92283,2159.0,8.44,19.12,52.42,50.58,8.52,57.36,1.0,13.11,14.0,23.62
92284,5859.0,4.51,1.86,56.97,65.43,13.36,94.17,13.0,61.23,102.0,92.8
92285,2876.0,5.49,3.63,37.31,37.38,9.5,68.5,2.0,19.29,15.0,24.6
92301,8490.0,6.81,9.99,103.65,93.43,16.99,99.36,4.0,27.13,39.0,49.36
92305,1890.0,8.28,20.16,33.77,31.34,9.86,73.39,1.0,13.11,2.0,6.56
92307,5322.0,7.08,10.89,94.6,87.3,14.99,96.46,21.0,82.86,102.0,92.8
92308,6666.0,7.44,12.84,83.38,86.73,12.8,92.14,22.0,84.82,94.0,90.09
92309,3846.0,6.45,7.93,54.53,62.35,9.07,64.12,0.0,4.82,0.0,1.51
92310,8850.0,6.18,7.77,12.39,1.56,14.8,97.32,0.0,4.82,0.0,1.51
92311,4970.33,7.01,9.86,220.9,99.95,20.38,99.91,15.0,68.43,74.0,79.65
92313,4350.5,12.78,90.66,52.42,58.5,11.38,84.58,4.0,27.13,30.0,40.73
92314,2691.0,7.93,17.59,41.47,43.62,10.24,71.64,1.0,13.11,18.0,27.96
92315,1275.67,7.3,13.19,71.32,78.51,18.67,99.39,5.0,30.78,12.0,21.7
92316,5100.71,13.01,93.1,48.55,54.06,8.95,61.22,4.0,27.13,39.0,49.36
92320,4230.25,10.06,45.28,41.17,43.28,13.28,90.94,10.0,50.41,28.0,38.73
92324,4508.92,12.61,86.96,80.22,82.17,13.58,89.31,17.0,74.04,69.0,75.77
92325,3375.0,11.21,66.23,156.17,98.95,18.58,99.66,4.0,27.13,12.0,21.7
92328,3378.0,2.32,0.05,41.08,43.76,11.28,84.84,,,,
92332,1688.0,7.84,12.09,249.59,99.99,9.24,65.95,0.0,4.82,0.0,1.51
92335,6057.62,12.94,92.98,67.56,75.14,12.05,86.92,18.0,76.22,100.0,91.94
92336,9007.62,12.89,92.89,38.27,39.08,9.74,71.18,24.0,88.47,74.0,79.65
92337,7815.2,13.65,94.46,43.58,47.16,10.12,73.95,9.0,46.16,27.0,37.72
92344,14798.0,7.86,17.81,40.88,43.44,9.28,66.38,9.0,46.16,14.0,23.62
92345,5856.21,7.59,15.07,65.74,74.45,12.07,87.83,36.0,98.15,153.0,99.32
92346,5096.62,11.63,71.64,64.49,73.66,10.31,76.72,24.0,88.47,90.0,88.58
92347,5505.5,6.34,7.88,99.12,82.88,15.53,97.64,0.0,4.82,4.0,9.98
92352,5321.0,9.96,42.86,51.36,58.04,8.53,57.27,3.0,23.66,14.0,23.62
92354,4915.67,12.05,81.66,38.87,39.66,6.56,31.46,9.0,46.16,57.0,66.28
92356,4469.0,7.7,15.48,55.26,55.92,11.02,78.06,6.0,34.89,27.0,37.72
92358,2295.0,9.12,32.61,24.14,14.37,5.34,15.83,1.0,13.11,6.0,13.72
92359,3564.0,9.96,42.86,82.04,86.17,10.74,81.06,6.0,34.89,19.0,29.09
92363,3798.0,9.15,32.62,278.83,100.0,10.19,76.16,3.0,23.66,16.0,25.47
92371,6208.0,6.46,8.75,53.5,60.93,9.82,71.99,9.0,46.16,25.0,35.8
92372,7272.0,5.76,4.73,37.31,37.51,9.81,72.92,1.0,13.11,11.0,20.84
92373,6021.67,12.12,80.25,41.6,44.33,10.67,78.53,19.0,78.79,86.0,86.4
92374,5952.0,11.54,68.58,50.51,55.38,8.96,62.26,25.0,89.9,70.0,76.79
92376,4807.88,12.86,92.33,76.58,80.22,14.11,91.43,27.0,92.39,110.0,94.5
92377,7360.0,12.89,92.89,54.74,62.35,10.03,74.81,6.0,34.89,25.0,35.8
92382,3771.0,9.96,42.86,49.27,55.23,6.94,36.45,1.0,13.11,7.0,15.34
92392,7873.33,7.02,10.74,86.2,87.73,17.04,99.37,22.0,84.82,97.0,91.07
92394,9653.0,7.02,10.74,84.24,86.3,13.9,94.74,6.0,34.89,56.0,65.18
92395,7030.67,7.02,10.74,105.39,93.66,12.9,92.6,31.0,95.78,127.0,97.32
92397,4557.0,6.18,7.76,50.35,56.63,9.23,65.81,1.0,13.11,10.0,19.82
92399,6473.38,9.48,38.19,40.69,43.0,10.79,80.95,35.0,97.55,128.0,97.44
92401,2216.0,12.05,81.66,131.79,97.68,18.3,99.61,1.0,13.11,6.0,13.72
92404,5572.0,12.05,81.66,103.59,90.45,12.92,87.71,37.0,98.38,122.0,96.87
92405,6475.25,12.05,81.66,121.21,96.48,13.88,95.34,11.0,54.3,37.0,46.65
92407,4896.12,11.8,74.41,78.24,81.27,10.4,75.33,25.0,89.9,70.0,76.79
92408,3471.67,12.05,81.66,52.2,53.76,7.49,52.96,4.0,27.13,9.0,18.12
92410,5852.3,12.3,84.37,101.57,90.9,13.55,89.86,15.0,68.43,61.0,69.25
92411,5103.2,12.22,82.59,146.26,98.48,14.53,96.93,7.0,39.11,47.0,57.54
92501,4539.25,12.89,92.89,106.2,93.91,12.04,88.76,9.0,46.16,35.0,44.88
92503,4958.0,12.99,93.07,53.72,60.87,11.18,80.74,26.0,91.26,147.0,99.1
92504,5224.73,12.51,85.25,56.59,63.67,8.69,58.48,19.0,78.79,113.0,95.21
92505,4393.67,13.34,93.8,47.13,51.72,9.31,64.61,15.0,68.43,67.0,74.27
92506,4259.3,12.34,83.29,42.06,44.72,6.84,35.05,25.0,89.9,87.0,87.08
92507,4087.67,12.75,89.92,57.95,66.04,8.55,57.38,14.0,65.0,66.0,73.47
92508,7462.4,12.81,91.11,31.22,27.17,8.43,55.83,11.0,54.3,29.0,39.64
92509,5010.13,13.79,94.37,54.04,61.48,11.9,87.0,27.0,92.39,122.0,96.87
92518,4442.0,12.89,92.89,66.89,75.99,10.66,79.92,0.0,4.82,8.0,16.69
92521,9277.0,12.89,92.89,40.64,42.95,6.0,23.94,,,,
92530,5337.0,10.71,55.94,43.02,46.36,13.76,95.06,12.0,57.61,84.0,85.23
92532,12805.0,10.79,54.48,27.66,20.77,8.82,61.1,2.0,19.29,21.0,31.12
92539,6218.0,6.6,8.67,30.61,26.19,8.98,63.35,2.0,19.29,10.0,19.82
92543,4547.57,8.1,19.8,83.8,83.87,14.45,93.03,23.0,86.81,180.0,99.74
92544,3400.09,6.98,10.28,57.06,65.4,13.13,92.92,35.0,97.55,174.0,99.62
92545,5292.71,8.58,26.66,48.76,54.48,11.42,83.34,43.0,99.7,226.0,100.0
92548,4434.0,11.21,66.23,44.97,49.23,8.07,51.42,0.0,4.82,14.0,23.62
92549,1860.0,6.6,8.67,53.18,60.45,14.19,96.48,1.0,13.11,11.0,20.84
92551,5137.0,12.89,92.89,61.62,70.45,11.36,84.04,9.0,46.16,29.0,39.64
92553,4187.81,12.89,92.89,70.67,78.43,10.66,79.43,13.0,61.23,83.0,84.63
92555,4769.33,12.47,86.04,54.24,61.74,12.43,87.96,13.0,61.23,51.0,61.34
92557,4213.58,12.86,92.15,55.92,63.79,9.19,65.32,14.0,65.0,64.0,71.55
92561,3384.0,6.81,9.7,38.9,39.52,10.89,80.68,0.0,4.82,3.0,8.21
92562,6474.78,8.0,18.23,31.15,26.94,9.52,69.22,29.0,94.27,97.0,91.07
92563,9220.17,6.88,10.73,27.44,20.59,8.37,55.04,23.0,86.81,72.0,78.33
92567,4455.0,11.07,62.92,42.43,45.29,10.78,77.74,4.0,27.13,21.0,31.12
92570,6698.71,12.41,85.53,52.32,59.12,12.14,87.85,12.0,57.61,71.0,77.69
92571,8920.67,12.61,86.96,52.47,59.4,13.15,93.26,9.0,46.16,49.0,59.65
92582,6600.5,8.91,30.54,46.9,51.52,10.27,72.93,5.0,30.78,27.0,37.72
92583,5285.88,7.7,15.26,65.31,72.84,13.7,93.1,17.0,74.04,101.0,92.31
92584,5082.25,9.69,41.83,32.26,28.84,11.26,80.13,15.0,68.43,69.0,75.77
92585,4682.25,11.21,64.28,37.42,37.39,9.83,71.82,4.0,27.13,36.0,45.78
92586,3755.6,10.87,58.81,35.12,33.46,10.35,73.24,31.0,95.78,182.0,99.85
92587,4833.75,10.68,54.01,32.94,29.9,11.12,79.54,8.0,42.65,31.0,41.6
92590,4207.0,6.39,8.22,26.94,19.6,8.82,60.56,1.0,13.11,10.0,19.82
92591,5741.83,6.18,7.41,24.76,15.91,9.32,66.12,12.0,57.61,44.0,54.79
92592,5810.0,5.62,4.83,24.42,15.31,9.02,63.14,19.0,78.79,93.0,89.79
92595,4528.71,9.48,37.8,35.37,33.75,12.64,84.05,13.0,61.23,56.0,65.18
92596,6386.2,6.94,11.2,24.17,14.77,12.19,81.94,5.0,30.78,22.0,32.67
92602,18285.5,10.16,47.74,19.28,7.3,4.74,10.23,2.0,19.29,8.0,16.69
92603,2981.5,9.54,40.92,15.78,3.86,4.37,7.13,3.0,23.66,17.0,26.71
92604,4429.5,9.54,40.92,23.58,13.88,5.34,16.84,12.0,57.61,40.0,50.6
92606,7538.33,9.68,41.57,17.31,5.51,4.64,10.52,3.0,23.66,18.0,27.96
92610,5119.0,9.12,32.61,9.96,0.69,4.72,10.07,2.0,19.29,5.0,11.98
92612,3945.83,9.54,40.92,18.03,7.05,4.77,13.28,10.0,50.41,43.0,53.65
92614,4259.4,9.54,40.92,16.35,4.52,4.57,9.46,3.0,23.66,22.0,32.67
92617,14044.0,9.96,42.86,6.38,0.16,3.24,1.31,0.0,4.82,0.0,1.51
92618,5248.83,9.12,34.74,21.69,12.61,5.08,16.29,7.0,39.11,19.0,29.09
92620,7992.67,9.4,38.15,22.5,11.75,5.48,17.77,18.0,76.22,38.0,47.78
92624,5639.0,8.7,30.7,24.4,14.9,5.93,22.85,2.0,19.29,16.0,25.47
92625,3448.33,9.96,42.86,24.77,15.56,3.59,2.52,8.0,42.65,34.0,44.08
92626,4795.55,10.37,52.61,34.55,32.85,6.01,24.33,24.0,88.47,74.0,79.65
92627,4644.42,10.37,52.61,40.08,41.55,6.15,26.82,14.0,65.0,82.0,84.1
92629,4692.75,8.7,30.7,29.15,23.64,5.65,19.51,14.0,65.0,38.0,47.78
92630,5168.64,8.7,30.7,26.67,18.95,7.04,37.8,33.0,96.72,92.0,89.45
92637,3695.0,8.7,30.7,26.13,18.27,5.82,22.21,37.0,98.38,180.0,99.74
92646,4012.57,10.67,55.36,26.74,19.36,5.3,16.08,26.0,91.26,109.0,94.2
92647,4806.83,11.21,66.23,30.4,25.69,6.75,34.12,20.0,81.09,90.0,88.58
92648,5305.67,11.16,64.92,26.31,18.41,6.6,31.99,23.0,86.81,69.0,75.77
92649,3911.57,11.21,66.23,22.62,12.53,6.25,27.95,19.0,78.79,63.0,70.8
92651,5412.29,8.76,30.97,23.07,13.87,4.51,9.21,11.0,54.3,39.0,49.36
92653,4526.6,8.7,30.7,27.91,21.38,7.2,39.94,17.0,74.04,74.0,79.65
92655,7176.5,11.21,66.23,41.62,43.44,6.42,29.45,3.0,23.66,9.0,18.12
92656,5166.0,8.7,30.7,21.01,9.75,5.24,15.48,9.0,46.16,38.0,47.78
92657,6665.0,9.33,36.76,12.68,1.76,3.18,1.06,5.0,30.78,9.0,18.12
92660,4813.62,10.16,47.74,19.78,8.2,3.97,5.98,17.0,74.04,66.0,73.47
92661,4220.0,10.37,52.61,19.47,7.49,6.95,36.67,2.0,19.29,6.0,13.72
92662,2756.0,10.37,52.61,23.82,13.76,3.31,1.52,2.0,19.29,4.0,9.98
92663,4413.2,10.37,52.61,26.88,19.43,4.11,5.51,13.0,61.23,49.0,59.65
92672,4372.5,8.7,30.7,23.89,14.66,5.68,21.08,23.0,86.81,46.0,56.59
92673,6544.0,8.7,30.7,19.76,8.18,4.6,9.4,17.0,74.04,42.0,52.83
92675,6606.78,8.98,32.69,21.55,11.59,5.67,20.86,23.0,86.81,78.0,82.1
92676,1606.0,10.79,54.48,10.48,0.89,5.24,14.86,2.0,19.29,6.0,13.72
92677,4625.07,8.7,30.7,20.6,9.23,5.34,16.99,39.0,98.79,90.0,88.58
92679,5351.2,9.12,33.89,15.55,4.05,5.34,17.6,6.0,34.89,18.0,27.96
92683,5074.82,11.21,66.23,33.65,31.19,7.6,45.22,44.0,99.89,146.0,98.98
92688,6000.33,9.05,32.29,16.79,4.85,5.36,16.64,10.0,50.41,44.0,54.79
92691,4278.27,8.7,30.7,24.26,15.16,6.45,30.21,36.0,98.15,104.0,93.33
92692,5087.2,8.7,30.7,22.16,11.5,6.81,34.76,26.0,91.26,85.0,85.8
92694,7501.67,8.7,30.7,15.05,3.34,5.94,23.63,2.0,19.29,6.0,13.72
92701,6654.86,10.37,52.61,45.65,49.93,5.84,22.62,8.0,42.65,44.0,54.79
92703,6846.3,10.58,55.52,45.0,48.88,7.77,47.5,18.0,76.22,61.0,69.25
92704,5835.5,10.55,54.66,40.13,41.75,7.29,41.2,24.0,88.47,72.0,78.33
92705,5708.5,10.45,52.98,30.69,26.09,5.46,18.51,27.0,92.39,60.0,68.24
92706,5142.0,10.44,52.92,37.06,36.59,6.03,25.61,14.0,65.0,53.0,62.58
92707,5949.55,10.37,52.61,41.94,44.26,6.87,36.66,16.0,71.48,41.0,51.73
92708,4444.0,10.93,59.22,28.32,22.08,6.8,34.69,35.0,97.55,117.0,96.19
92780,4275.82,10.33,51.72,35.24,33.92,6.94,36.8,16.0,71.48,84.0,85.23
92782,8192.0,10.27,50.17,21.84,10.92,5.96,23.41,5.0,30.78,14.0,23.62
92801,6835.3,11.21,66.23,51.2,57.33,9.54,66.08,29.0,94.27,117.0,96.19
92802,5181.5,11.21,66.23,42.87,45.9,8.05,50.98,16.0,71.48,66.0,73.47
92804,6446.92,11.21,66.23,54.49,61.35,9.5,67.15,35.0,97.55,136.0,98.23
92805,5871.4,11.21,66.23,49.02,54.72,7.33,41.67,14.0,65.0,75.0,80.6
92806,4211.29,11.21,66.23,59.21,66.83,9.65,69.13,10.0,50.41,56.0,65.18
92807,4120.22,11.35,67.2,23.66,13.79,6.44,29.81,28.0,93.33,86.0,86.4
92808,5324.33,11.63,69.14,20.38,8.52,6.54,31.19,7.0,39.11,20.0,30.11
92821,4986.57,11.21,66.23,34.37,32.47,7.59,45.12,17.0,74.04,56.0,65.18
92823,7751.0,11.63,69.14,21.3,9.74,5.42,16.87,4.0,27.13,6.0,13.72
92831,4271.9,11.21,66.23,42.32,44.63,7.66,45.9,14.0,65.0,54.0,63.49
92832,5151.5,11.21,66.23,47.06,51.98,9.24,65.33,13.0,61.23,28.0,38.73
92833,5274.18,11.21,66.23,42.76,45.64,6.83,35.05,33.0,96.72,70.0,76.79
92835,5824.4,11.21,66.23,23.36,13.14,6.17,26.23,25.0,89.9,78.0,82.1
92840,5748.44,11.21,66.23,40.23,41.85,8.74,58.7,30.0,95.1,87.0,87.08
92841,4468.0,11.21,66.23,45.82,50.08,8.79,59.42,10.0,50.41,45.0,55.84
92843,5758.78,11.12,63.62,41.08,42.99,10.47,74.06,17.0,74.04,61.0,69.25
92844,6681.5,11.21,66.23,33.76,31.22,7.41,42.96,5.0,30.78,16.0,25.47
92845,4002.8,11.21,66.23,29.96,25.0,8.01,50.7,14.0,65.0,34.0,44.08
92860,3616.12,13.73,94.67,31.76,28.02,10.0,72.22,9.0,46.16,39.0,49.36
92861,3034.5,11.21,66.23,11.86,1.39,4.28,6.82,6.0,34.89,11.0,20.84
92862,4192.0,11.21,66.23,20.73,8.9,6.81,34.58,,,,
92865,5861.0,11.21,66.23,33.24,30.58,6.58,31.89,16.0,71.48,38.0,47.78
92866,5252.0,10.47,53.08,30.19,25.26,5.04,13.55,10.0,50.41,19.0,29.09
92867,4916.62,11.0,60.36,26.79,19.4,5.75,21.42,13.0,61.23,57.0,66.28
92868,8263.67,10.79,54.48,35.57,34.61,6.37,28.67,12.0,57.61,33.0,43.14
92869,4701.0,10.73,55.62,26.95,19.67,6.6,32.47,23.0,86.81,48.0,58.67
92870,4614.5,11.21,66.23,29.52,24.12,8.19,52.28,21.0,82.86,79.0,82.78
92879,4275.36,13.16,93.37,38.54,39.11,11.7,83.44,17.0,74.04,48.0,58.67
92880,6995.14,13.49,94.12,28.71,22.76,9.81,70.62,13.0,61.23,46.0,56.59
92881,7025.0,12.78,90.66,25.53,16.98,9.5,69.17,12.0,57.61,33.0,43.14
92882,5045.6,12.69,89.17,31.76,27.93,10.13,73.98,24.0,88.47,93.0,89.79
92883,7803.67,11.77,73.12,29.97,25.13,9.23,66.01,7.0,39.11,33.0,43.14
92886,4446.4,11.76,73.86,23.53,13.88,7.29,41.13,16.0,71.48,82.0,84.1
92887,3983.5,12.05,79.11,20.13,8.79,8.21,52.96,9.0,46.16,9.0,18.12
93001,3838.64,9.5,40.16,46.4,50.68,7.98,50.23,11.0,54.3,37.0,46.65
93003,4480.1,9.54,40.92,42.8,45.8,7.87,48.85,38.0,98.53,134.0,98.08
93004,5160.75,9.54,40.92,37.19,37.14,8.87,61.45,16.0,71.48,42.0,52.83
93010,4197.78,9.54,40.92,33.98,31.78,8.89,61.65,35.0,97.55,85.0,85.8
93012,6238.17,9.54,40.92,23.12,12.64,7.45,43.08,29.0,94.27,83.0,84.63
93013,4341.67,9.54,40.92,36.18,35.57,5.24,14.95,7.0,39.11,34.0,44.08
93015,4872.0,8.8,31.18,35.0,33.31,9.83,71.98,8.0,42.65,25.0,35.8
93021,4490.5,9.54,40.92,32.1,28.75,7.67,46.21,5.0,30.78,28.0,38.73
93022,4015.0,9.54,40.92,26.74,19.11,5.82,21.56,1.0,13.11,11.0,20.84
93023,4316.5,8.91,29.5,35.22,33.96,7.53,44.42,15.0,68.43,48.0,58.67
93030,7095.11,9.54,40.92,108.94,94.03,14.14,95.04,17.0,74.04,68.0,74.94
93033,4897.53,9.54,40.92,32.94,30.1,6.23,26.74,31.0,95.78,70.0,76.79
93035,5679.4,9.54,40.92,33.66,31.25,5.9,23.18,12.0,57.61,36.0,45.78
93036,4437.88,9.54,40.92,38.23,38.97,6.76,34.05,8.0,42.65,41.0,51.73
93041,6445.0,9.54,40.92,47.33,52.52,7.92,49.46,10.0,50.41,29.0,39.64
93042,2126.0,9.54,40.92,41.23,44.05,7.04,37.88,,,,
93043,2388.0,9.54,40.92,20.94,9.09,4.79,10.68,0.0,4.82,0.0,1.51
93060,5271.57,9.36,37.36,38.21,38.63,7.65,46.37,18.0,76.22,56.0,65.18
93063,4675.64,9.54,40.92,40.0,41.98,10.94,82.29,28.0,93.33,84.0,85.23
93065,5021.8,9.54,40.92,38.29,39.07,10.21,74.82,22.0,84.82,98.0,91.48
93066,2776.33,9.54,40.92,31.64,27.91,6.74,33.79,4.0,27.13,4.0,9.98
93101,4810.62,4.61,1.98,46.41,49.47,5.01,15.48,12.0,57.61,33.0,43.14
93103,5292.33,5.07,2.85,44.61,48.92,3.82,3.65,10.0,50.41,22.0,32.67
93105,4721.14,4.63,2.15,21.89,11.14,3.82,5.06,21.0,82.86,80.0,83.35
93108,3725.33,7.3,13.19,21.08,10.46,3.26,1.36,11.0,54.3,34.0,44.08
93109,3361.0,4.65,2.01,23.63,14.11,3.49,2.23,5.0,30.78,29.0,39.64
93110,5098.0,4.51,1.86,29.48,24.04,3.57,2.51,10.0,50.41,27.0,37.72
93111,4672.33,4.51,1.86,31.11,26.99,4.28,6.72,9.0,46.16,49.0,59.65
93117,4326.92,4.51,1.86,28.7,23.42,4.91,13.17,15.0,68.43,48.0,58.67
93203,5271.0,15.3,96.59,36.57,36.17,8.45,55.78,3.0,23.66,17.0,26.71
93204,7782.5,13.31,88.35,35.67,34.7,11.79,87.61,1.0,13.11,9.0,18.12
93206,3953.0,17.17,98.62,30.01,25.16,8.87,62.0,0.0,4.82,0.0,1.51
93207,6628.0,15.02,95.28,47.27,52.87,7.5,43.75,0.0,4.82,3.0,8.21
93210,4840.5,12.36,77.36,57.53,66.08,17.64,99.31,8.0,42.65,21.0,31.12
93212,5176.8,17.08,98.6,81.59,86.04,11.57,86.3,7.0,39.11,26.0,36.66
93215,5713.43,17.32,98.63,53.43,60.96,9.86,73.39,4.0,27.13,56.0,65.18
93219,7576.0,16.93,98.26,50.97,57.46,8.56,57.74,3.0,23.66,12.0,21.7
93221,5585.67,14.7,96.03,35.9,35.13,7.14,39.22,4.0,27.13,39.0,49.36
93223,5587.0,16.66,97.9,61.55,70.75,7.84,48.54,1.0,13.11,18.0,27.96
93225,4252.5,6.85,17.26,21.6,11.51,6.52,30.96,3.0,23.66,9.0,18.12
93230,5435.92,16.89,98.28,131.21,97.3,9.11,64.25,28.0,93.33,116.0,95.93
93234,3995.5,14.32,94.93,60.82,69.97,12.87,92.42,1.0,13.11,2.0,6.56
93239,4516.0,15.24,95.3,63.5,72.87,11.03,82.98,0.0,4.82,1.0,4.33
93241,5902.67,18.34,99.02,33.44,30.79,6.88,35.56,6.0,34.89,18.0,27.96
93242,3548.0,16.24,97.73,51.77,58.6,9.65,71.01,1.0,13.11,7.0,15.34
93243,819.0,6.32,7.87,15.71,3.77,4.01,4.65,0.0,4.82,4.0,9.98
93245,6058.33,16.8,98.13,77.46,83.26,10.57,79.5,10.0,50.41,30.0,40.73
93247,4238.0,14.15,94.93,52.36,59.31,10.12,74.18,7.0,39.11,33.0,43.14
93249,3937.0,12.68,84.06,38.21,38.84,8.33,55.09,0.0,4.82,1.0,4.33
93250,9588.0,18.48,99.32,56.6,64.8,10.57,79.02,3.0,23.66,13.0,22.65
93251,5248.0,13.04,92.93,24.36,14.84,7.1,38.65,,,,
93252,1471.0,11.0,54.55,40.2,42.28,9.76,72.38,1.0,13.11,4.0,9.98
93256,6529.0,17.08,98.6,51.49,58.22,11.78,87.55,2.0,19.29,5.0,11.98
93257,5638.23,15.67,96.88,57.41,65.81,11.72,87.14,29.0,94.27,137.0,98.38
93263,4328.4,18.76,99.64,50.2,55.76,11.17,83.55,7.0,39.11,29.0,39.64
93265,5615.0,11.57,66.33,28.99,23.38,7.6,45.12,2.0,19.29,15.0,24.6
93267,7837.0,14.57,95.13,61.72,70.85,12.09,88.99,1.0,13.11,9.0,18.12
93268,5001.67,17.12,97.54,34.05,31.71,11.25,84.61,3.0,23.66,39.0,49.36
93271,5142.0,10.37,52.61,31.92,28.62,5.59,18.9,2.0,19.29,7.0,15.34
93272,6446.0,16.66,97.9,47.41,52.99,9.45,68.38,0.0,4.82,5.0,11.98
93274,4881.93,17.05,98.55,77.02,83.06,11.47,85.35,30.0,95.1,118.0,96.42
93277,4720.6,17.08,98.6,54.83,62.72,8.12,52.46,23.0,86.81,112.0,94.91
93280,6467.75,18.76,99.64,38.08,38.62,9.47,68.61,6.0,34.89,17.0,26.71
93283,4679.0,7.02,10.74,49.0,54.92,16.78,99.29,0.0,4.82,9.0,18.12
93285,5777.5,12.12,76.57,42.91,46.14,15.94,96.5,3.0,23.66,19.0,29.09
93286,4013.0,11.84,75.4,53.86,61.42,8.81,60.9,1.0,13.11,16.0,25.47
93291,7565.14,16.9,98.44,53.69,60.94,8.88,61.38,20.0,81.09,70.0,76.79
93292,6996.71,16.54,97.88,43.55,47.0,9.02,61.82,12.0,57.61,54.0,63.49
93301,4202.67,18.76,99.64,151.45,98.7,12.94,91.93,5.0,30.78,27.0,37.72
93304,5710.38,18.92,99.72,103.09,90.83,10.0,70.45,24.0,88.47,86.0,86.4
93305,5340.14,18.88,99.7,98.41,91.38,11.13,81.26,14.0,65.0,75.0,80.6
93306,4402.69,19.21,99.85,72.8,80.35,9.03,63.5,25.0,89.9,103.0,93.1
93307,7106.08,19.31,99.84,85.46,87.12,10.89,80.31,21.0,82.86,99.0,91.71
93308,4828.2,18.76,99.64,80.41,85.34,11.62,86.56,13.0,61.23,125.0,97.21
93309,4529.5,18.76,99.64,82.51,86.41,11.06,83.28,21.0,82.86,102.0,92.8
93311,7023.86,18.34,99.33,36.07,35.21,8.19,52.56,12.0,57.61,66.0,73.47
93312,6044.56,18.76,99.64,29.59,24.38,8.69,59.35,25.0,89.9,63.0,70.8
93313,7858.8,19.01,99.77,53.84,60.83,11.28,83.8,16.0,71.48,59.0,67.48
93314,6120.75,18.76,99.64,28.74,22.8,8.99,62.6,6.0,34.89,30.0,40.73
93401,3302.0,7.61,12.32,28.5,23.18,5.24,15.72,22.0,84.82,36.0,45.78
93402,4629.33,0.0,0.0,44.66,48.84,3.94,4.26,6.0,34.89,31.0,41.6
93405,6338.5,8.09,18.08,14.32,3.7,4.03,7.45,12.0,57.61,24.0,34.89
93420,5876.75,5.55,10.2,24.58,15.42,3.72,3.58,22.0,84.82,66.0,73.47
93422,4803.2,7.97,15.4,39.64,41.24,6.37,28.62,40.0,99.13,62.0,70.12
93426,3778.0,6.56,7.98,29.3,23.92,4.66,9.43,0.0,4.82,2.0,6.56
93428,2858.67,2.01,1.64,24.89,15.89,5.08,15.33,2.0,19.29,22.0,32.67
93430,2592.0,0.0,0.0,32.13,29.02,4.99,12.48,3.0,23.66,4.0,9.98
93433,6594.5,0.0,0.0,36.39,35.86,3.93,4.53,2.0,19.29,23.0,34.02
93436,4533.17,4.51,1.86,55.41,63.44,10.45,78.22,25.0,89.9,105.0,93.59
93437,3344.0,4.51,1.86,31.05,27.18,7.48,43.57,0.0,4.82,0.0,1.51
93441,3231.0,4.51,1.86,23.08,12.47,4.77,10.47,0.0,4.82,1.0,4.33
93442,3487.33,0.0,0.0,29.7,24.64,6.25,26.83,13.0,61.23,36.0,45.78
93444,8224.0,6.57,7.54,34.32,32.24,5.01,13.84,11.0,54.3,43.0,53.65
93445,7024.0,0.0,0.0,39.73,41.44,5.01,12.64,1.0,13.11,9.0,18.12
93446,4886.0,7.95,15.74,47.02,52.32,6.6,31.82,39.0,98.79,76.0,81.16
93449,3818.5,0.0,0.0,23.45,13.42,4.92,12.14,6.0,34.89,17.0,26.71
93453,6550.0,7.19,10.82,31.38,27.59,5.36,16.1,2.0,19.29,4.0,9.98
93454,4069.78,4.51,1.86,56.27,64.3,6.61,32.07,23.0,86.81,72.0,78.33
93455,6074.45,4.51,1.86,38.17,36.16,5.68,20.86,22.0,84.82,91.0,89.07
93458,7404.83,4.51,1.86,44.36,48.33,3.89,3.98,14.0,65.0,53.0,62.58
93461,10043.0,7.49,11.81,39.27,40.72,6.15,25.73,1.0,13.11,1.0,4.33
93463,5764.0,4.51,1.86,26.15,18.09,5.47,17.24,4.0,27.13,18.0,27.96
93465,6973.0,7.32,10.84,35.24,34.05,5.05,13.77,14.0,65.0,16.0,25.47
93501,3589.0,6.18,7.76,152.29,98.85,15.13,97.88,2.0,19.29,19.0,29.09
93505,5516.0,6.67,8.5,72.45,80.06,13.85,95.61,7.0,39.11,31.0,41.6
93510,2813.0,7.3,12.76,26.21,18.18,6.93,37.58,0.0,4.82,9.0,18.12
93514,3212.6,3.94,1.49,46.35,50.43,8.07,51.3,9.0,46.16,25.0,35.8
93516,2253.0,6.73,8.76,43.43,46.94,11.76,87.42,0.0,4.82,7.0,15.34
93517,2502.0,1.91,0.04,7.29,0.22,3.78,3.32,1.0,13.11,0.0,1.51
93518,1601.0,8.98,30.74,45.51,50.41,12.59,91.15,1.0,13.11,1.0,4.33
93524,2226.0,6.39,7.92,44.18,47.97,13.72,95.0,0.0,4.82,0.0,1.51
93526,2568.0,1.87,0.02,37.2,37.34,11.2,84.37,0.0,4.82,1.0,4.33
93532,1591.0,5.76,4.73,21.36,9.77,8.02,50.8,1.0,13.11,2.0,6.56
93534,4685.12,6.18,7.76,148.02,98.59,15.46,98.16,17.0,74.04,117.0,96.19
93535,4331.24,6.06,7.0,118.54,93.87,14.65,94.51,20.0,81.09,142.0,98.83
93536,5488.31,6.12,7.46,49.15,54.86,9.76,70.72,13.0,61.23,108.0,94.01
93543,6619.5,5.76,4.73,62.4,71.65,10.97,80.9,1.0,13.11,13.0,22.65
93544,4201.0,5.34,3.92,50.06,56.29,9.49,68.83,2.0,19.29,5.0,11.98
93546,8237.0,2.44,0.06,32.08,28.94,7.68,46.24,0.0,4.82,2.0,6.56
93550,4130.47,6.16,7.58,94.69,87.97,11.82,84.32,22.0,84.82,100.0,91.94
93551,4890.91,6.26,7.93,43.44,46.4,9.75,70.32,13.0,61.23,75.0,80.6
93552,4860.86,6.06,6.89,60.93,69.78,10.91,79.89,8.0,42.65,41.0,51.73
93555,5261.71,5.99,6.37,57.82,65.7,19.36,98.96,18.0,76.22,99.0,91.71
93560,6212.0,6.65,12.54,59.39,67.78,13.83,95.54,3.0,23.66,36.0,45.78
93561,5845.0,9.51,41.41,49.99,56.23,14.7,97.16,9.0,46.16,76.0,81.16
93563,886.0,8.28,20.16,32.77,29.8,6.24,26.7,0.0,4.82,0.0,1.51
93591,5992.0,5.55,4.32,80.84,82.84,10.4,76.91,1.0,13.11,12.0,21.7
93608,6978.0,13.75,94.69,48.09,53.71,11.91,88.12,,,,
93609,5287.0,15.82,97.49,88.4,88.8,12.8,92.17,1.0,13.11,8.0,16.69
93610,7790.33,12.33,83.21,56.06,64.21,11.05,83.02,10.0,50.41,27.0,37.72
93611,4444.7,15.4,97.22,47.37,51.81,7.14,39.22,21.0,82.86,75.0,80.6
93612,4952.71,15.4,97.22,90.92,86.84,9.24,64.8,17.0,74.04,75.0,80.6
93614,6044.5,11.42,67.28,25.62,17.14,7.28,40.88,12.0,57.61,33.0,43.14
93615,6200.0,13.73,94.67,26.3,18.5,7.82,48.4,1.0,13.11,7.0,15.34
93616,3170.0,15.82,97.49,59.37,68.27,7.79,47.84,2.0,19.29,2.0,6.56
93618,5805.8,15.74,97.44,42.22,45.21,9.08,63.7,10.0,50.41,47.0,57.54
93619,3570.0,14.98,93.33,25.76,17.37,5.12,14.07,14.0,65.0,44.0,54.79
93620,4630.5,12.89,92.89,113.52,95.43,13.53,94.6,1.0,13.11,20.0,30.11
93622,3477.0,12.04,74.11,63.17,70.19,10.35,76.5,4.0,27.13,9.0,18.12
93625,5099.0,15.82,97.49,78.81,84.13,10.02,74.82,0.0,4.82,20.0,30.11
93630,6727.0,14.29,94.98,55.99,64.17,11.79,87.23,6.0,34.89,29.0,39.64
93631,5402.33,16.24,97.73,55.12,61.74,8.16,52.49,3.0,23.66,48.0,58.67
93633,6304.0,10.37,52.61,28.85,23.16,4.9,11.68,,,,
93635,8054.2,12.84,88.39,108.55,93.56,15.19,96.75,10.0,50.41,59.0,67.48
93636,6406.5,13.73,94.01,63.84,67.61,8.88,59.35,13.0,61.23,17.0,26.71
93637,8426.8,12.47,84.73,85.92,85.8,11.84,84.93,13.0,61.23,60.0,68.24
93638,7134.83,12.33,84.04,113.93,95.38,13.69,95.1,14.0,65.0,63.0,70.8
93640,6275.5,12.37,82.86,89.98,89.26,13.32,93.9,3.0,23.66,9.0,18.12
93644,4656.33,6.46,15.19,21.67,11.52,5.9,22.89,7.0,39.11,22.0,32.67
93646,3411.0,14.14,95.06,62.93,69.05,9.78,71.49,2.0,19.29,3.0,8.21
93647,9406.0,14.15,94.96,50.64,57.0,9.89,73.64,1.0,13.11,13.0,22.65
93648,7929.0,16.24,97.73,102.83,93.26,13.81,95.47,0.0,4.82,10.0,19.82
93650,3556.0,15.4,97.22,113.06,95.39,8.93,62.62,1.0,13.11,6.0,13.72
93653,2392.0,9.54,40.92,21.96,10.68,5.51,17.83,1.0,13.11,2.0,6.56
93654,5691.71,16.0,97.34,67.76,75.15,9.7,69.38,9.0,46.16,57.0,66.28
93656,5599.0,15.82,97.49,63.1,72.48,12.73,91.82,1.0,13.11,8.0,16.69
93657,5499.5,14.93,90.56,54.66,57.38,7.57,46.65,19.0,78.79,60.0,68.24
93662,5857.0,16.03,97.61,93.79,90.17,11.09,82.36,9.0,46.16,53.0,62.58
93664,2973.0,8.7,30.7,31.31,27.54,6.58,31.41,1.0,13.11,2.0,6.56
93701,3606.0,15.4,97.22,124.96,97.03,11.31,85.0,2.0,19.29,12.0,21.7
93702,4958.0,15.4,97.22,115.15,95.67,16.45,98.9,22.0,84.82,39.0,49.36
93703,4717.0,15.4,97.22,106.55,93.5,10.09,72.98,11.0,54.3,45.0,55.84
93704,3845.0,15.4,97.22,74.67,81.08,7.57,44.87,14.0,65.0,55.0,64.36
93705,4514.14,15.4,97.22,117.08,95.64,11.59,85.42,14.0,65.0,73.0,78.86
93706,3607.18,15.4,97.22,133.42,97.24,14.28,95.7,22.0,84.82,62.0,70.12
93710,3458.6,15.4,97.22,82.97,85.52,6.87,35.52,19.0,78.79,78.0,82.1
93711,4013.14,15.4,97.22,44.49,48.16,6.25,27.6,21.0,82.86,81.0,83.72
93720,5353.33,15.4,97.22,38.38,39.1,7.04,37.77,20.0,81.09,108.0,94.01
93721,4544.75,15.4,97.22,91.2,86.49,12.02,83.3,6.0,34.89,20.0,30.11
93722,5502.38,15.31,96.77,81.22,83.55,9.96,71.15,30.0,95.1,89.0,88.13
93723,6524.67,14.99,95.87,54.6,60.45,9.72,70.72,6.0,34.89,15.0,24.6
93725,5541.6,15.48,97.27,82.51,85.83,11.59,85.51,9.0,46.16,29.0,39.64
93726,4641.22,15.4,97.22,101.08,90.95,8.73,59.07,22.0,84.82,90.0,88.58
93727,3931.0,15.4,97.22,64.49,72.02,9.06,62.45,35.0,97.55,122.0,96.87
93728,4751.5,15.4,97.22,114.61,95.0,10.38,76.16,10.0,50.41,29.0,39.64
93730,4678.67,15.4,97.22,25.11,16.51,4.7,10.37,5.0,30.78,19.0,29.09
93901,3568.43,5.34,3.92,105.4,93.79,9.23,65.83,19.0,78.79,58.0,67.07
93905,4845.33,5.34,3.92,70.76,75.89,7.27,41.72,10.0,50.41,37.0,46.65
93906,5367.5,5.34,3.92,69.65,77.15,8.5,56.57,24.0,88.47,68.0,74.94
93907,4895.4,5.34,3.92,55.46,60.45,6.88,37.36,7.0,39.11,19.0,29.09
93908,5282.17,5.2,3.39,43.23,44.52,6.97,36.92,4.0,27.13,9.0,18.12
93923,2948.43,5.15,3.41,12.05,1.49,3.04,1.39,13.0,61.23,41.0,51.73
93924,5560.5,4.72,2.09,25.84,18.3,5.71,24.18,3.0,23.66,7.0,15.34
93925,6112.0,4.93,2.32,36.24,35.92,6.46,29.93,1.0,13.11,1.0,4.33
93926,5029.0,4.93,2.32,37.82,38.1,7.21,40.26,0.0,4.82,3.0,8.21
93927,5938.67,4.18,1.27,34.38,32.55,7.66,46.28,2.0,19.29,5.0,11.98
93930,6250.5,4.51,1.86,30.42,25.88,8.76,60.3,8.0,42.65,13.0,22.65
93933,3538.75,5.34,3.92,47.6,50.97,7.3,43.64,6.0,34.89,39.0,49.36
93940,3678.57,5.34,3.92,23.62,14.64,3.28,2.26,22.0,84.82,52.0,61.94
93944,2254.0,5.34,3.92,3.5,0.01,0.59,0.01,,,,
93950,2508.33,5.34,3.92,29.52,24.21,4.53,8.78,9.0,46.16,39.0,49.36
93953,4449.0,5.34,3.92,15.53,3.68,4.11,5.4,2.0,19.29,15.0,24.6
93955,3845.14,5.34,3.92,51.45,57.34,6.35,29.62,13.0,61.23,31.0,41.6
93960,8251.0,4.51,1.86,34.96,33.36,7.91,49.51,2.0,19.29,15.0,24.6
94002,5229.4,9.45,39.26,27.17,19.98,5.2,14.82,19.0,78.79,44.0,54.79
94005,4854.0,8.7,30.7,44.45,48.31,7.4,42.63,3.0,23.66,6.0,13.72
94010,5091.88,8.86,31.42,25.94,17.73,4.39,7.77,18.0,76.22,66.0,73.47
94014,5250.56,8.56,27.19,58.91,67.05,5.56,19.0,18.0,76.22,69.0,75.77
94015,5538.82,8.43,25.48,51.01,57.36,8.06,51.25,25.0,89.9,123.0,97.06
94019,5058.0,9.12,32.61,38.11,38.63,4.19,5.9,9.0,46.16,21.0,31.12
94022,4075.2,10.04,44.81,8.69,0.4,3.38,1.7,5.0,30.78,40.0,50.6
94024,4150.5,10.3,50.99,8.66,0.62,4.06,5.86,8.0,42.65,31.0,41.6
94025,3923.1,9.54,40.92,23.26,13.48,3.82,4.03,13.0,61.23,55.0,64.36
94027,3457.0,9.54,40.92,16.34,4.38,3.12,1.02,1.0,13.11,19.0,29.09
94028,6494.0,9.96,42.86,6.8,0.19,3.78,3.32,4.0,27.13,14.0,23.62
94030,3588.67,8.7,30.7,39.27,40.35,5.37,17.06,11.0,54.3,36.0,45.78
94035,719.0,9.96,42.86,16.69,4.71,5.25,14.94,0.0,4.82,0.0,1.51
94038,6018.0,8.7,30.7,35.43,34.2,4.52,8.28,1.0,13.11,2.0,6.56
94040,4137.6,10.12,48.32,14.79,3.6,4.37,8.99,14.0,65.0,38.0,47.78
94041,4428.5,10.27,50.17,17.75,5.91,4.49,8.5,1.0,13.11,14.0,23.62
94043,3510.25,9.9,44.57,20.75,9.02,6.52,30.65,6.0,34.89,32.0,42.28
94044,4662.0,8.7,30.7,43.96,47.37,6.9,36.37,16.0,71.48,63.0,70.8
94060,4005.0,9.96,42.86,15.03,3.32,3.33,1.62,0.0,4.82,1.0,4.33
94061,5177.43,9.54,40.92,45.34,49.58,4.94,12.26,11.0,54.3,43.0,53.65
94062,4417.71,9.66,41.47,27.11,19.8,4.62,9.58,7.0,39.11,42.0,52.83
94063,4133.0,9.48,39.88,70.71,76.94,6.11,26.0,5.0,30.78,22.0,32.67
94065,5679.5,9.12,32.61,16.8,4.78,5.41,16.7,2.0,19.29,3.0,8.21
94066,4568.22,8.7,30.7,62.59,71.17,7.78,47.75,21.0,82.86,56.0,65.18
94070,3340.67,9.54,40.92,28.17,21.91,5.39,17.07,14.0,65.0,47.0,57.54
94080,5748.27,8.7,30.7,58.63,66.7,7.47,43.82,25.0,89.9,130.0,97.78
94085,5294.2,10.37,52.61,31.32,27.87,5.43,18.53,3.0,23.66,12.0,21.7
94086,5194.62,10.37,52.61,19.32,7.94,4.71,10.92,13.0,61.23,44.0,54.79
94087,5414.18,10.37,52.61,14.99,3.4,5.19,14.84,27.0,92.39,54.0,63.49
94089,4805.5,10.37,52.61,41.96,44.61,6.62,32.28,5.0,30.78,27.0,37.72
94102,3673.45,8.7,30.7,87.95,82.83,6.25,28.76,20.0,81.09,61.0,69.25
94103,5156.0,8.7,30.7,79.12,83.3,7.78,47.42,19.0,78.79,51.0,61.34
94105,11502.0,8.7,30.7,21.39,9.84,3.79,3.38,0.0,4.82,2.0,6.56
94107,3122.0,8.7,30.7,51.36,56.93,7.09,38.6,5.0,30.78,17.0,26.71
94108,2453.0,8.7,30.7,26.78,19.32,3.54,2.79,18.0,76.22,41.0,51.73
94109,3876.9,8.7,30.7,51.11,57.43,5.1,14.16,28.0,93.33,138.0,98.57
94110,4132.5,8.7,30.7,55.8,63.7,6.68,33.12,21.0,82.86,65.0,72.49
94111,3496.0,8.7,30.7,30.52,26.06,3.86,7.57,1.0,13.11,7.0,15.34
94112,5437.33,8.67,30.0,48.12,53.34,6.34,28.82,39.0,98.79,137.0,98.38
94114,3215.7,8.7,30.7,23.07,12.84,5.23,15.59,9.0,46.16,43.0,53.65
94115,3618.8,8.7,30.7,51.48,57.28,5.29,16.91,19.0,78.79,60.0,68.24
94116,5656.43,8.22,22.16,23.88,14.2,5.41,17.16,35.0,97.55,83.0,84.63
94117,4113.57,8.7,30.7,31.96,28.37,5.95,24.19,10.0,50.41,37.0,46.65
94118,4954.2,8.61,28.59,23.64,13.67,4.52,8.5,14.0,65.0,77.0,81.57
94121,3746.4,7.9,18.05,22.69,12.2,5.3,15.98,18.0,76.22,60.0,68.24
94122,4534.54,8.21,21.69,21.51,10.84,5.0,13.69,30.0,95.1,82.0,84.1
94123,3259.0,8.7,30.7,14.44,2.86,4.02,4.98,5.0,30.78,18.0,27.96
94124,3228.4,8.7,30.7,125.88,95.81,8.96,62.1,11.0,54.3,54.0,63.49
94127,5203.0,8.49,25.43,21.85,10.78,4.43,7.66,7.0,39.11,36.0,45.78
94128,0.0,8.7,30.7,0.0,0.0,0.0,0.0,0.0,4.82,0.0,1.51
94129,3235.0,8.28,20.16,9.59,0.56,3.16,1.01,0.0,4.82,1.0,4.33
94130,2880.0,8.7,30.7,95.9,91.52,8.44,56.5,0.0,4.82,1.0,4.33
94131,4085.86,8.7,30.7,27.26,20.73,4.78,12.4,9.0,46.16,43.0,53.65
94132,3707.71,7.98,18.48,35.38,34.15,5.75,21.18,18.0,76.22,35.0,44.88
94133,4366.67,8.7,30.7,35.95,34.99,4.13,6.3,16.0,71.48,56.0,65.18
94134,3672.33,8.7,30.7,53.98,61.21,6.81,34.89,13.0,61.23,62.0,70.12
94158,9083.0,8.7,30.7,26.6,18.86,4.25,6.42,0.0,4.82,4.0,9.98
94301,4055.25,9.54,40.92,15.4,3.64,4.28,6.59,2.0,19.29,29.0,39.64
94303,6609.0,9.54,40.92,57.48,64.96,6.54,31.43,15.0,68.43,51.0,61.34
94304,2089.0,9.54,40.92,6.66,0.17,2.7,0.6,2.0,19.29,10.0,19.82
94305,6138.33,9.54,40.92,4.69,0.08,3.46,1.98,2.0,19.29,4.0,9.98
94306,3979.67,9.54,40.92,11.57,1.36,4.04,5.34,10.0,50.41,39.0,49.36
94401,4950.67,8.7,30.7,58.89,67.43,4.48,8.17,12.0,57.61,51.0,61.34
94402,3486.88,9.01,33.73,41.42,43.31,4.17,7.05,15.0,68.43,40.0,50.6
94403,3677.55,9.04,33.43,37.64,37.65,5.84,23.55,14.0,65.0,78.0,82.1
94404,3749.89,8.74,30.91,21.96,10.72,5.46,17.21,18.0,76.22,35.0,44.88
94501,4300.86,8.7,30.7,61.42,70.69,8.87,62.0,29.0,94.27,92.0,89.45
94502,6800.0,8.7,30.7,30.05,24.96,4.79,10.66,10.0,50.41,20.0,30.11
94503,4484.33,7.86,17.81,48.51,54.19,7.61,45.37,7.0,39.11,29.0,39.64
94505,2865.67,8.0,18.59,47.98,53.65,8.51,57.23,5.0,30.78,16.0,25.47
94506,5533.33,7.86,17.81,19.85,8.22,4.18,6.58,6.0,34.89,23.0,34.02
94507,4618.0,7.86,17.81,18.84,6.76,4.46,7.86,6.0,34.89,21.0,31.12
94508,5373.0,6.48,7.96,25.9,17.7,4.67,9.56,0.0,4.82,4.0,9.98
94509,4912.83,7.86,17.81,170.44,99.28,13.3,93.28,32.0,96.31,90.0,88.58
94510,3958.86,7.86,17.81,57.63,66.14,8.35,54.99,13.0,61.23,40.0,50.6
94513,6756.5,7.9,18.04,67.22,67.71,11.52,79.51,25.0,89.9,75.0,80.6
94515,3224.0,6.36,6.83,26.78,19.56,5.02,16.08,0.0,4.82,13.0,22.65
94517,6376.5,7.86,17.81,28.64,22.75,6.3,27.74,5.0,30.78,21.0,31.12
94518,4739.33,7.86,17.81,48.47,54.17,6.35,28.85,19.0,78.79,34.0,44.08
94519,6633.33,7.86,17.81,67.97,76.58,8.13,52.34,7.0,39.11,25.0,35.8
94520,5087.0,7.86,17.81,115.91,93.88,8.98,60.66,15.0,68.43,32.0,42.28
94521,5619.33,7.86,17.81,70.73,69.97,8.94,58.7,32.0,96.31,74.0,79.65
94523,5203.0,7.86,17.81,38.97,39.38,5.74,21.83,22.0,84.82,46.0,56.59
94526,6004.2,7.86,17.81,25.79,18.69,4.67,11.06,19.0,78.79,39.0,49.36
94530,2593.82,8.66,29.74,41.04,42.87,5.43,17.83,15.0,68.43,33.0,43.14
94531,7201.83,7.86,17.81,103.02,92.04,10.96,79.2,18.0,76.22,44.0,54.79
94533,4153.19,7.86,17.81,116.29,95.66,12.28,89.02,45.0,100.0,110.0,94.5
94534,5364.88,7.86,17.81,57.78,62.82,9.21,65.08,19.0,78.79,46.0,56.59
94535,1276.67,7.86,17.81,15.88,7.13,8.32,53.82,0.0,4.82,0.0,1.51
94536,5377.75,8.94,32.35,49.7,55.82,8.85,61.11,20.0,81.09,68.0,74.94
94538,5019.62,9.44,39.0,61.01,68.98,9.74,70.05,29.0,94.27,75.0,80.6
94539,4346.55,9.46,38.83,20.3,8.41,6.23,26.93,13.0,61.23,48.0,58.67
94541,4808.5,8.7,30.7,97.32,88.79,10.4,74.85,33.0,96.72,104.0,93.33
94542,4881.0,8.7,30.7,61.9,69.68,10.56,78.59,4.0,27.13,14.0,23.62
94544,4419.25,8.7,30.7,95.71,91.41,13.36,93.81,23.0,86.81,90.0,88.58
94545,3942.0,8.7,30.7,109.58,94.55,13.46,94.06,16.0,71.48,40.0,50.6
94546,3934.3,8.66,29.65,57.75,64.14,8.24,53.22,35.0,97.55,87.0,87.08
94547,4200.8,7.86,17.81,55.83,63.8,7.46,43.23,8.0,42.65,26.0,36.66
94549,5353.6,7.86,17.81,20.99,10.21,5.07,14.16,14.0,65.0,48.0,58.67
94550,4851.75,8.8,31.71,34.67,33.09,9.93,72.45,19.0,78.79,70.0,76.79
94551,4711.14,8.7,30.7,33.65,31.26,7.62,44.76,7.0,39.11,25.0,35.8
94552,6006.75,8.59,28.06,33.86,30.71,7.58,44.98,7.0,39.11,7.0,15.34
94553,4284.15,7.89,17.99,76.34,78.63,8.63,57.88,17.0,74.04,58.0,67.07
94555,5183.33,8.7,30.7,42.19,45.14,8.82,60.88,7.0,39.11,30.0,40.73
94556,4825.67,8.0,18.59,12.64,1.81,4.85,13.23,6.0,34.89,19.0,29.09
94558,3493.61,7.86,17.66,39.99,39.8,6.16,28.54,31.0,95.78,148.0,99.17
94559,2891.71,7.86,17.81,69.61,70.96,7.77,51.01,16.0,71.48,45.0,55.84
94560,5329.11,9.4,38.15,66.02,72.1,9.84,70.44,14.0,65.0,47.0,57.54
94561,6355.67,7.86,17.81,89.88,89.21,12.93,92.6,11.0,54.3,32.0,42.28
94563,3719.2,8.36,22.27,16.33,4.76,4.16,6.03,11.0,54.3,18.0,27.96
94564,5452.67,7.86,17.81,59.98,68.98,8.11,52.27,14.0,65.0,26.0,36.66
94565,5031.07,7.86,17.81,149.61,98.79,14.37,96.85,31.0,95.78,106.0,93.82
94566,4565.86,8.7,30.7,27.59,20.8,7.54,44.46,22.0,84.82,49.0,59.65
94568,5016.57,8.7,30.7,28.42,22.27,6.73,33.68,16.0,71.48,36.0,45.78
94571,8423.0,8.28,20.16,61.1,70.38,9.84,73.15,10.0,50.41,37.0,46.65
94572,5298.0,7.86,17.81,128.92,97.57,10.0,74.62,4.0,27.13,14.0,23.62
94574,2560.67,7.56,16.77,28.18,22.59,4.44,10.39,4.0,27.13,30.0,40.73
94577,4521.44,8.7,30.7,73.61,81.02,9.02,63.35,20.0,81.09,71.0,77.69
94578,5212.11,8.7,30.7,87.66,86.03,9.25,64.55,18.0,76.22,50.0,60.51
94579,5867.25,8.7,30.7,64.07,73.16,9.68,70.46,13.0,61.23,34.0,44.08
94580,4674.83,8.7,30.7,71.89,79.56,9.71,70.6,12.0,57.61,43.0,53.65
94582,7231.17,8.35,21.92,25.28,16.64,5.04,13.59,4.0,27.13,12.0,21.7
94583,5170.71,8.46,24.68,37.12,37.18,7.38,42.49,11.0,54.3,22.0,32.67
94585,5123.0,7.86,17.81,91.07,89.59,10.08,74.61,10.0,50.41,27.0,37.72
94587,4684.5,8.7,30.7,73.36,80.18,9.9,72.53,28.0,93.33,129.0,97.59
94588,4957.0,8.7,30.7,29.06,23.44,6.5,31.31,10.0,50.41,23.0,34.02
94589,4678.71,7.86,17.81,193.44,99.64,13.29,92.63,18.0,76.22,48.0,58.67
94590,2936.4,7.86,17.81,186.64,99.67,14.64,96.84,17.0,74.04,57.0,66.28
94591,3930.31,7.86,17.81,91.83,90.07,9.55,69.9,28.0,93.33,74.0,79.65
94592,3917.0,7.86,17.81,172.45,99.48,14.17,96.45,1.0,13.11,0.0,1.51
94595,3946.6,7.86,17.81,29.61,24.1,5.37,17.4,40.0,99.13,93.0,89.79
94596,4396.25,7.86,17.81,36.1,35.17,7.44,42.92,7.0,39.11,23.0,34.02
94597,5509.0,7.86,17.81,27.14,19.65,5.04,14.19,8.0,42.65,35.0,44.88
94598,4211.14,7.86,17.81,29.01,23.33,6.34,29.02,18.0,76.22,57.0,66.28
94599,2933.0,8.28,20.16,20.91,9.08,4.26,6.5,3.0,23.66,20.0,30.11
94601,4625.55,8.7,30.7,105.65,93.65,8.52,57.28,22.0,84.82,50.0,60.51
94602,3309.62,8.7,30.7,72.34,79.44,7.11,39.01,11.0,54.3,37.0,46.65
94603,3618.86,8.7,30.7,167.31,98.68,12.84,89.4,13.0,61.23,49.0,59.65
94605,4034.5,8.7,30.7,152.77,98.67,8.22,53.48,20.0,81.09,74.0,79.65
94606,3458.82,8.7,30.7,85.56,84.78,6.44,30.68,18.0,76.22,47.0,57.54
94607,1866.14,8.7,30.7,157.86,98.84,6.2,26.88,14.0,65.0,36.0,45.78
94608,3280.4,8.7,30.7,139.42,96.47,7.21,40.51,9.0,46.16,39.0,49.36
94609,3148.5,8.7,30.7,105.34,91.13,7.04,38.38,10.0,50.41,30.0,40.73
94610,3144.33,8.7,30.7,48.81,53.78,4.83,12.84,13.0,61.23,45.0,55.84
94611,3971.18,8.7,30.7,30.67,25.94,4.41,8.15,21.0,82.86,41.0,51.73
94612,2623.5,8.7,30.7,118.1,95.96,4.96,12.5,15.0,68.43,31.0,41.6
94613,2425.0,8.7,30.7,59.07,67.88,4.09,5.27,,,,
94618,3352.33,8.7,30.7,29.14,23.16,4.27,6.47,3.0,23.66,17.0,26.71
94619,4180.17,8.7,30.7,73.14,78.48,5.26,15.96,9.0,46.16,44.0,54.79
94621,4228.71,8.7,30.7,147.04,97.97,10.5,75.56,21.0,82.86,58.0,67.07
94702,3311.8,8.7,30.7,85.3,84.89,5.6,19.88,11.0,54.3,26.0,36.66
94703,3332.71,8.7,30.7,63.46,71.04,4.51,8.35,4.0,27.13,19.0,29.09
94704,5237.0,8.7,30.7,18.75,6.7,4.3,7.54,2.0,19.29,10.0,19.82
94705,2688.0,8.7,30.7,29.31,23.71,4.41,7.63,4.0,27.13,19.0,29.09
94706,3083.0,8.7,30.7,29.8,24.61,4.62,10.44,7.0,39.11,12.0,21.7
94707,2889.0,8.7,30.7,23.75,13.91,3.27,1.44,10.0,50.41,25.0,35.8
94708,2910.25,8.7,30.7,16.08,4.17,3.74,3.58,7.0,39.11,29.0,39.64
94709,4017.33,8.7,30.7,20.73,9.52,4.12,5.67,2.0,19.29,6.0,13.72
94710,2589.75,8.7,30.7,69.26,71.28,6.18,29.59,3.0,23.66,9.0,18.12
94720,1215.0,8.7,30.7,14.34,2.68,3.23,1.3,0.0,4.82,0.0,1.51
94801,5097.67,8.14,19.38,188.04,99.42,10.1,73.55,5.0,30.78,41.0,51.73
94803,5142.75,7.86,17.81,64.74,73.04,8.12,52.02,10.0,50.41,49.0,59.65
94804,5889.71,8.58,27.69,139.56,97.56,9.63,69.25,26.0,91.26,48.0,58.67
94805,3640.0,8.42,23.67,71.84,79.53,8.88,61.7,8.0,42.65,20.0,30.11
94806,5385.64,7.94,18.24,110.29,93.93,11.5,83.58,43.0,99.7,86.0,86.4
94901,5147.25,7.34,12.15,35.79,34.86,5.98,23.93,12.0,57.61,49.0,59.65
94903,5811.4,7.02,10.54,38.22,39.06,5.5,17.82,17.0,74.04,83.0,84.63
94904,3752.67,7.3,11.45,20.46,8.84,3.95,4.52,5.0,30.78,27.0,37.72
94920,4380.33,8.0,18.59,16.23,4.36,4.99,12.95,7.0,39.11,21.0,31.12
94925,5388.0,7.65,14.8,21.16,9.5,4.78,10.6,6.0,34.89,16.0,25.47
94928,5160.43,6.18,7.76,40.17,41.8,6.86,35.35,13.0,61.23,62.0,70.12
94930,3086.0,6.88,10.05,23.66,14.81,3.77,4.08,1.0,13.11,12.0,21.7
94931,5132.67,6.18,7.76,40.06,41.75,5.85,21.94,4.0,27.13,12.0,21.7
94939,6027.0,7.44,11.8,14.5,2.81,3.5,1.99,2.0,19.29,7.0,15.34
94941,4997.5,7.65,14.8,20.75,8.94,4.55,8.57,7.0,39.11,41.0,51.73
94945,3636.8,6.85,9.91,33.37,30.6,5.33,18.7,5.0,30.78,35.0,44.88
94947,6656.5,6.92,10.22,38.07,38.16,5.19,16.99,12.0,57.61,47.0,57.54
94949,4614.0,7.16,11.09,42.68,44.18,4.45,9.39,2.0,19.29,22.0,32.67
94951,4865.0,6.6,8.67,25.55,17.02,4.13,5.62,3.0,23.66,9.0,18.12
94952,4217.0,6.28,7.96,41.2,42.74,6.76,37.29,16.0,71.48,74.0,79.65
94954,4734.38,6.34,8.25,50.55,56.87,8.33,54.85,9.0,46.16,97.0,91.07
94956,1774.0,6.18,7.76,13.83,2.42,2.49,0.24,1.0,13.11,0.0,1.51
94960,4313.25,6.92,10.22,16.39,4.46,3.93,4.53,5.0,30.78,21.0,31.12
94963,3656.0,6.6,8.67,21.44,9.89,2.83,0.44,0.0,4.82,2.0,6.56
94964,4854.0,7.86,17.81,11.65,1.32,4.13,5.62,0.0,4.82,0.0,1.51
94965,3334.33,7.86,17.81,36.89,36.77,4.68,10.01,3.0,23.66,9.0,18.12
94970,2311.0,6.6,8.67,13.49,2.17,3.36,1.66,0.0,4.82,1.0,4.33
95002,2144.0,9.96,42.86,72.08,79.87,6.78,34.21,0.0,4.82,3.0,8.21
95003,4311.43,7.86,17.41,23.4,13.72,3.94,4.85,10.0,50.41,37.0,46.65
95005,3891.0,10.37,52.61,20.47,8.7,4.7,10.04,1.0,13.11,8.0,16.69
95006,5340.0,10.37,52.61,21.35,10.89,3.91,4.34,2.0,19.29,5.0,11.98
95008,4323.0,10.37,52.61,27.29,20.24,6.58,32.02,19.0,78.79,65.0,72.49
95010,6127.0,7.86,17.81,37.75,38.05,4.24,6.25,3.0,23.66,24.0,34.89
95012,4783.67,5.34,3.92,52.25,55.33,6.04,26.54,4.0,27.13,13.0,22.65
95014,5103.83,10.34,51.8,10.51,1.19,4.87,12.2,22.0,84.82,79.0,82.78
95017,4283.0,9.96,42.86,19.45,7.48,3.84,3.69,0.0,4.82,0.0,1.51
95018,4733.0,10.37,52.61,15.98,4.04,3.99,4.56,2.0,19.29,9.0,18.12
95020,5543.7,6.9,10.34,64.34,72.66,10.09,73.84,22.0,84.82,73.0,78.86
95023,5187.11,4.69,2.06,58.9,67.85,11.35,84.85,22.0,84.82,56.0,65.18
95030,4009.33,10.37,52.61,15.24,3.68,3.71,3.7,6.0,34.89,30.0,40.73
95032,4454.33,10.37,52.61,16.66,4.79,3.97,4.72,5.0,30.78,48.0,58.67
95033,3716.0,9.75,41.89,14.02,2.64,4.1,6.64,5.0,30.78,10.0,19.82
95035,4463.0,10.31,51.31,23.75,13.94,7.08,38.27,16.0,71.48,57.0,66.28
95037,4083.18,8.68,28.36,37.37,37.47,8.53,57.25,21.0,82.86,56.0,65.18
95039,4875.0,5.34,3.92,58.52,67.29,6.88,35.7,0.0,4.82,2.0,6.56
95043,2534.0,7.86,17.84,48.23,54.07,9.81,72.92,0.0,4.82,1.0,4.33
95045,6051.0,4.93,2.32,36.7,36.67,7.29,41.27,1.0,13.11,5.0,11.98
95046,4974.5,7.86,17.81,43.66,47.48,8.94,61.62,2.0,19.29,10.0,19.82
95050,5231.75,10.37,52.61,32.94,30.04,7.24,40.83,16.0,71.48,51.0,61.34
95051,4453.09,10.37,52.61,24.19,14.85,6.56,31.68,11.0,54.3,68.0,74.94
95054,7784.67,10.37,52.61,21.25,9.76,6.38,28.92,5.0,30.78,18.0,27.96
95060,4572.0,8.93,31.73,26.69,19.3,5.21,15.06,12.0,57.61,52.0,61.94
95062,4959.25,7.96,18.4,29.38,23.93,5.32,15.92,16.0,71.48,65.0,72.49
95064,7331.0,9.54,40.92,9.26,0.46,4.86,11.35,0.0,4.82,0.0,1.51
95065,4140.33,8.56,24.31,19.27,7.48,3.99,5.43,5.0,30.78,23.0,34.02
95066,8360.0,9.96,42.86,20.71,8.85,4.22,6.11,6.0,34.89,24.0,34.89
95070,5026.33,10.37,52.61,13.88,2.5,4.47,8.37,11.0,54.3,79.0,82.78
95073,2963.0,9.12,32.61,24.51,15.06,3.73,3.12,2.0,19.29,17.0,26.71
95076,5654.33,6.18,7.01,45.62,47.85,5.54,22.04,25.0,89.9,101.0,92.31
95110,4044.17,10.37,52.61,45.94,50.09,6.14,25.93,4.0,27.13,17.0,26.71
95111,5411.7,10.37,52.61,44.37,47.69,7.79,47.47,8.0,42.65,43.0,53.65
95112,4684.9,10.37,52.61,56.38,63.64,8.23,53.37,15.0,68.43,65.0,72.49
95116,4238.5,10.37,52.61,53.74,60.44,8.17,52.21,18.0,76.22,41.0,51.73
95117,6316.2,10.37,52.61,33.96,31.85,6.37,28.9,12.0,57.61,26.0,36.66
95118,4390.86,10.37,52.61,32.79,29.68,5.99,24.63,7.0,39.11,54.0,63.49
95119,4757.0,10.37,52.61,37.17,37.23,7.08,38.2,4.0,27.13,7.0,15.34
95120,4797.62,10.37,52.61,18.57,6.5,5.77,21.35,12.0,57.61,48.0,58.67
95121,4527.12,10.37,52.61,36.04,35.14,7.74,47.04,16.0,71.48,44.0,54.79
95122,4702.67,10.37,52.61,49.67,55.4,9.43,66.29,20.0,81.09,43.0,53.65
95123,4654.15,10.37,52.61,43.21,46.26,7.38,42.51,17.0,74.04,72.0,78.33
95124,6295.14,10.37,52.61,23.56,13.75,5.25,15.56,16.0,71.48,71.0,77.69
95125,4482.62,10.37,52.61,30.03,24.88,5.07,14.31,19.0,78.79,95.0,90.35
95126,4669.67,10.37,52.61,37.8,37.77,5.34,18.11,11.0,54.3,32.0,42.28
95127,5266.45,10.37,52.61,48.79,54.42,8.53,57.03,26.0,91.26,65.0,72.49
95128,5190.5,10.37,52.61,43.21,46.29,8.37,54.85,14.0,65.0,55.0,64.36
95129,5375.0,10.37,52.61,16.99,5.1,5.2,15.09,14.0,65.0,23.0,34.02
95130,5249.0,10.37,52.61,21.32,9.98,4.36,7.17,2.0,19.29,7.0,15.34
95131,5433.17,10.37,52.61,26.98,19.57,6.26,27.79,10.0,50.41,28.0,38.73
95132,4927.88,10.37,52.61,29.22,23.71,7.32,41.44,12.0,57.61,47.0,57.54
95133,4533.0,10.37,52.61,35.21,33.38,6.88,35.57,8.0,42.65,17.0,26.71
95134,5136.0,10.37,52.61,28.95,23.22,7.34,41.76,3.0,23.66,8.0,16.69
95135,4903.75,10.37,52.61,31.34,27.22,8.4,55.04,10.0,50.41,38.0,47.78
95136,5441.62,10.37,52.61,33.4,30.8,7.73,46.69,10.0,50.41,47.0,57.54
95138,5814.75,10.37,52.61,24.75,15.5,5.54,18.46,6.0,34.89,18.0,27.96
95139,3636.5,10.37,52.61,27.34,20.28,5.32,16.24,1.0,13.11,7.0,15.34
95148,4725.3,10.37,52.61,27.53,20.63,5.87,22.86,14.0,65.0,38.0,47.78
95192,3723.0,10.37,52.61,72.5,80.29,4.7,9.92,,,,
95202,4222.5,13.53,94.09,173.33,99.46,10.02,73.66,3.0,23.66,23.0,34.02
95203,4497.5,13.22,91.5,160.74,99.0,13.6,94.02,10.0,50.41,31.0,41.6
95204,4894.33,13.44,94.0,63.29,71.79,8.35,55.02,29.0,94.27,80.0,83.35
95205,4316.33,13.55,94.04,88.89,88.75,12.17,88.73,16.0,71.48,46.0,56.59
95206,4925.92,12.36,80.47,118.21,95.42,13.63,93.1,26.0,91.26,81.0,83.72
95207,3839.08,13.44,94.0,82.24,85.36,9.47,68.36,31.0,95.78,115.0,95.67
95209,4495.25,12.66,84.78,54.06,61.44,7.62,45.54,30.0,95.1,74.0,79.65
95210,4330.89,13.24,91.67,83.46,85.44,12.49,88.27,23.0,86.81,69.0,75.77
95212,20177.0,13.13,92.98,37.44,37.65,8.1,51.84,13.0,61.23,32.0,42.28
95215,4188.6,13.21,91.67,48.78,53.98,9.43,67.12,20.0,81.09,53.0,62.58
95219,6550.2,12.81,84.07,40.62,42.75,8.74,60.26,13.0,61.23,33.0,43.14
95220,4800.5,10.92,54.52,24.28,14.66,7.11,38.8,9.0,46.16,10.0,19.82
95222,4463.0,6.14,5.03,31.08,27.23,10.49,78.31,1.0,13.11,15.0,24.6
95223,2201.33,5.0,2.29,36.57,36.08,11.79,83.45,2.0,19.29,6.0,13.72
95228,4434.0,7.49,11.83,51.69,58.51,10.59,79.19,0.0,4.82,10.0,19.82
95230,4928.0,11.36,66.28,49.78,55.8,13.64,94.83,0.0,4.82,1.0,4.33
95231,5281.0,12.05,81.66,34.27,31.98,5.27,15.14,2.0,19.29,8.0,16.69
95236,5423.0,11.58,66.34,28.99,23.38,7.59,45.01,2.0,19.29,7.0,15.34
95237,2757.0,11.45,66.3,22.31,11.33,8.38,55.67,1.0,13.11,12.0,21.7
95240,4196.77,10.76,57.1,42.9,45.47,8.48,56.17,28.0,93.33,80.0,83.35
95242,4190.0,10.61,53.35,27.43,20.32,7.87,48.64,20.0,81.09,69.0,75.77
95246,6969.0,5.68,4.09,58.33,67.01,7.49,43.69,1.0,13.11,3.0,8.21
95247,4046.0,5.77,4.74,21.29,9.71,6.27,26.99,3.0,23.66,12.0,21.7
95252,7515.0,8.63,20.26,53.46,60.87,9.08,64.34,3.0,23.66,22.0,32.67
95257,4032.0,5.22,2.53,43.08,46.32,6.76,34.06,0.0,4.82,5.0,11.98
95301,4765.12,12.89,92.89,64.4,73.5,11.19,83.16,16.0,71.48,62.0,70.12
95303,3626.0,12.89,92.89,46.66,51.98,9.81,72.92,0.0,4.82,0.0,1.51
95304,9606.67,10.93,62.94,52.36,59.41,9.13,64.82,1.0,13.11,22.0,32.67
95306,2719.0,8.7,30.7,28.21,21.77,8.25,54.06,0.0,4.82,6.0,13.72
95307,5126.0,12.89,92.89,44.21,48.33,11.5,85.5,15.0,68.43,55.0,64.36
95311,3352.0,7.71,12.0,39.96,41.95,12.21,89.64,0.0,4.82,5.0,11.98
95315,5556.5,12.89,92.89,47.41,51.12,9.71,66.18,2.0,19.29,9.0,18.12
95316,6428.0,12.89,92.89,37.04,36.49,8.8,60.34,2.0,19.29,5.0,11.98
95320,6660.0,12.89,92.89,38.1,38.47,9.46,67.18,11.0,54.3,23.0,34.02
95322,7835.0,13.66,94.21,62.44,71.84,11.68,86.83,4.0,27.13,17.0,26.71
95324,8071.0,12.89,92.89,43.31,46.73,12.05,88.75,2.0,19.29,21.0,31.12
95326,7609.0,12.89,92.89,44.41,48.25,13.57,94.69,6.0,34.89,27.0,37.72
95327,4574.33,9.1,37.58,52.03,58.82,10.66,80.03,4.0,27.13,22.0,32.67
95330,4622.6,12.05,81.66,77.94,83.41,13.03,91.69,6.0,34.89,23.0,34.02
95333,2572.0,12.47,83.99,37.17,37.31,13.84,95.62,3.0,23.66,7.0,15.34
95334,5354.67,12.89,92.89,40.84,43.03,11.97,85.18,4.0,27.13,19.0,29.09
95335,5436.0,5.16,2.46,45.62,48.52,12.18,89.46,1.0,13.11,3.0,8.21
95336,4460.6,12.85,92.0,103.99,92.96,11.83,87.15,18.0,76.22,120.0,96.68
95337,5147.4,12.81,91.11,76.85,82.97,12.14,88.15,6.0,34.89,60.0,68.24
95338,3459.33,6.46,13.44,42.65,45.72,10.21,75.49,8.0,42.65,37.0,46.65
95340,4454.62,12.89,92.89,163.54,99.04,17.91,99.04,26.0,91.26,104.0,93.33
95341,5081.89,12.89,92.89,87.32,85.93,12.78,89.79,14.0,65.0,38.0,47.78
95346,5765.0,5.81,4.77,40.7,43.05,13.76,95.19,1.0,13.11,0.0,1.51
95348,5975.5,12.89,92.89,92.58,90.27,13.84,95.08,7.0,39.11,39.0,49.36
95350,4828.6,12.89,92.89,85.45,86.78,11.1,81.89,43.0,99.7,149.0,99.25
95351,4873.7,12.89,92.89,89.07,88.48,14.42,95.15,8.0,42.65,64.0,71.55
95354,4149.0,12.89,92.89,83.4,86.26,12.05,87.91,14.0,65.0,69.0,75.77
95355,6805.25,12.89,92.89,55.0,62.78,10.87,80.82,33.0,96.72,138.0,98.57
95356,5605.0,12.89,92.89,49.39,54.76,8.92,61.78,19.0,78.79,61.0,69.25
95357,5941.4,12.89,92.89,42.45,45.35,9.92,72.29,9.0,46.16,13.0,22.65
95358,5457.75,12.89,92.89,73.36,77.84,12.08,86.89,9.0,46.16,45.0,55.84
95360,6160.5,12.08,79.56,48.92,54.81,9.09,61.56,1.0,13.11,15.0,24.6
95361,6281.5,12.89,92.89,52.99,60.24,14.62,96.9,12.0,57.61,77.0,81.57
95363,8713.0,12.33,84.0,49.33,55.19,10.79,79.58,7.0,39.11,24.0,34.89
95366,5562.67,12.89,92.89,46.53,51.59,9.29,66.74,9.0,46.16,31.0,41.6
95367,3878.5,12.89,92.89,49.12,55.18,10.14,75.6,4.0,27.13,40.0,50.6
95369,2328.0,12.89,92.89,68.89,77.71,12.57,91.11,1.0,13.11,1.0,4.33
95370,5262.75,6.13,6.34,59.42,67.96,12.88,92.08,19.0,78.79,85.0,85.8
95374,1834.0,12.89,92.89,41.3,44.23,11.64,86.66,1.0,13.11,4.0,9.98
95376,4826.33,10.37,52.61,110.22,94.73,11.33,84.5,24.0,88.47,68.0,74.94
95377,8499.0,10.16,49.69,51.07,56.51,10.09,72.0,9.0,46.16,24.0,34.89
95380,4208.0,12.89,92.89,71.84,76.79,12.99,89.65,10.0,50.41,83.0,84.63
95382,8071.25,12.89,92.89,40.13,42.1,11.12,83.04,14.0,65.0,97.0,91.07
95386,5624.0,12.89,92.89,36.67,36.6,11.77,87.52,0.0,4.82,20.0,30.11
95388,4710.5,12.89,92.89,62.54,67.85,9.96,68.18,6.0,34.89,20.0,30.11
95389,1802.0,4.51,1.86,27.68,20.82,6.68,32.95,1.0,13.11,1.0,4.33
95401,6352.0,6.18,7.76,56.78,63.89,8.46,55.85,13.0,61.23,72.0,78.33
95403,4939.22,6.58,9.37,43.47,46.1,7.09,38.86,36.0,98.15,105.0,93.59
95404,5277.4,6.3,7.97,37.89,37.52,5.42,19.15,19.0,78.79,70.0,76.79
95405,5253.33,6.18,7.76,37.2,36.96,5.16,15.17,14.0,65.0,44.0,54.79
95407,7035.5,6.18,7.76,65.06,71.81,9.43,65.99,8.0,42.65,55.0,64.36
95409,4153.8,6.16,7.19,32.93,29.9,5.96,25.75,25.0,89.9,101.0,92.31
95421,2060.0,6.61,9.25,14.57,5.12,2.58,1.76,0.0,4.82,3.0,8.21
95422,3823.67,4.51,1.86,117.51,95.93,8.6,58.06,14.0,65.0,47.0,57.54
95423,3589.5,5.13,3.12,71.05,75.04,7.39,42.46,4.0,27.13,14.0,23.62
95425,4959.5,4.51,1.86,55.3,63.26,7.04,37.76,1.0,13.11,24.0,34.89
95427,5364.0,8.35,20.18,52.55,59.59,6.07,24.82,0.0,4.82,1.0,4.33
95428,2587.0,5.97,4.88,70.54,79.07,8.32,54.98,0.0,4.82,2.0,6.56
95432,1952.0,7.86,17.83,18.86,6.82,3.66,2.77,0.0,4.82,0.0,1.51
95436,3814.0,6.54,8.32,33.77,30.56,3.88,6.86,0.0,4.82,5.0,11.98
95437,4059.33,2.59,4.01,71.37,79.49,7.71,46.86,6.0,34.89,38.0,47.78
95441,3729.0,7.5,11.84,24.4,14.9,4.44,7.61,0.0,4.82,2.0,6.56
95442,5283.0,6.69,8.71,22.73,11.92,4.89,11.57,0.0,4.82,6.0,13.72
95446,3609.0,6.55,7.82,38.53,39.2,4.14,6.57,4.0,27.13,9.0,18.12
95448,3957.2,7.97,18.17,39.23,39.6,5.78,22.1,10.0,50.41,22.0,32.67
95449,2082.0,4.51,1.86,63.54,73.08,5.27,15.14,2.0,19.29,5.0,11.98
95451,4962.0,4.51,1.86,44.19,47.56,7.86,48.6,10.0,50.41,33.0,43.14
95453,5155.0,4.51,1.86,53.57,60.89,10.39,76.93,5.0,30.78,33.0,43.14
95457,3613.5,5.51,3.65,97.51,89.81,6.94,36.67,3.0,23.66,5.0,11.98
95461,7575.0,5.19,2.48,29.21,23.73,4.83,11.13,0.0,4.82,5.0,11.98
95464,2703.0,4.51,1.86,51.27,57.9,9.01,63.75,0.0,4.82,8.0,16.69
95465,3747.0,6.18,7.76,14.82,3.19,2.81,0.42,0.0,4.82,1.0,4.33
95466,3293.0,6.83,8.86,26.91,19.37,4.04,4.89,0.0,4.82,5.0,11.98
95468,3915.0,6.89,8.88,33.57,30.98,4.24,6.36,0.0,4.82,4.0,9.98
95469,1785.0,5.21,2.52,53.73,61.28,5.33,15.77,0.0,4.82,7.0,15.34
95470,5123.5,6.0,5.98,58.06,64.07,5.4,16.9,4.0,27.13,11.0,20.84
95472,4725.6,6.18,7.76,35.92,34.8,5.33,17.1,19.0,78.79,59.0,67.48
95476,4415.62,7.13,11.0,24.65,15.44,7.14,39.06,30.0,95.1,66.0,73.47
95482,5432.6,4.51,1.86,81.28,85.84,6.37,28.64,12.0,57.61,70.0,76.79
95490,6560.0,6.54,8.32,87.44,88.35,5.56,18.42,6.0,34.89,26.0,36.66
95492,5106.5,8.63,24.38,37.21,37.29,8.18,52.71,15.0,68.43,39.0,49.36
95501,5060.25,6.18,7.76,103.7,93.4,10.12,75.12,18.0,76.22,65.0,72.49
95503,4697.17,5.97,6.24,65.01,73.58,7.7,46.63,21.0,82.86,52.0,61.94
95514,4133.0,6.77,8.78,48.56,54.47,9.67,71.19,0.0,4.82,0.0,1.51
95519,5201.33,6.18,7.76,71.85,79.78,7.6,45.18,22.0,84.82,35.0,44.88
95521,4578.33,6.04,6.75,81.66,84.97,7.51,44.11,9.0,46.16,22.0,32.67
95524,5074.0,6.18,7.76,46.48,51.65,5.02,12.78,1.0,13.11,3.0,8.21
95525,3607.0,6.6,8.67,47.53,53.17,6.31,27.69,0.0,4.82,5.0,11.98
95526,4143.0,6.17,5.05,70.17,78.59,8.5,57.03,2.0,19.29,3.0,8.21
95531,4539.5,3.82,0.57,64.29,73.0,15.5,97.92,7.0,39.11,48.0,58.67
95536,3220.0,5.86,4.78,36.01,35.22,12.79,92.13,2.0,19.29,5.0,11.98
95540,4459.5,5.34,3.92,105.32,93.66,12.46,90.8,15.0,68.43,24.0,34.89
95542,4409.0,6.96,8.93,37.24,37.39,8.06,51.32,1.0,13.11,7.0,15.34
95546,2962.5,6.16,6.4,40.26,41.97,8.8,60.46,0.0,4.82,9.0,18.12
95548,1373.0,3.67,0.31,49.5,55.5,13.75,95.16,1.0,13.11,2.0,6.56
95550,4686.0,6.35,7.9,69.66,78.47,7.46,43.32,0.0,4.82,0.0,1.51
95551,4785.0,5.34,3.92,100.41,92.88,11.99,88.54,1.0,13.11,2.0,6.56
95565,4976.0,4.93,2.32,104.42,93.5,16.4,99.18,1.0,13.11,2.0,6.56
95568,2142.0,3.78,0.32,18.61,6.51,5.95,23.19,,,,
95570,2983.0,5.34,3.92,91.5,89.84,7.63,45.57,1.0,13.11,4.0,9.98
95585,4155.0,6.6,8.68,43.2,46.53,6.18,26.03,0.0,4.82,1.0,4.33
95602,4477.0,7.55,13.3,33.32,30.57,5.24,15.96,16.0,71.48,54.0,63.49
95603,3946.83,7.86,17.81,40.11,41.62,6.57,31.62,26.0,91.26,65.0,72.49
95605,6645.0,9.54,40.92,80.98,85.74,13.37,94.12,7.0,39.11,22.0,32.67
95608,4282.69,9.5,40.28,93.06,88.31,7.32,41.59,38.0,98.53,199.0,99.92
95610,4127.0,8.32,23.67,47.21,51.9,7.57,44.73,23.0,86.81,69.0,75.77
95616,4075.64,7.86,17.81,23.03,12.57,6.59,31.88,19.0,78.79,44.0,54.79
95618,5359.5,7.96,18.4,22.65,11.83,4.73,10.11,6.0,34.89,21.0,31.12
95620,5157.0,8.45,24.38,47.31,51.57,7.92,49.38,6.0,34.89,24.0,34.89
95621,3943.11,8.56,26.23,61.01,69.69,9.87,72.03,14.0,65.0,95.0,90.35
95623,2810.0,8.28,20.16,35.14,33.67,6.94,36.45,3.0,23.66,11.0,20.84
95624,5191.75,9.4,38.15,44.63,48.85,9.21,65.44,18.0,76.22,87.0,87.08
95626,4171.5,8.91,31.66,44.54,48.59,8.96,62.52,4.0,27.13,10.0,19.82
95628,4593.33,8.93,31.76,42.54,45.55,7.53,44.32,32.0,96.31,99.0,91.71
95629,4672.0,6.57,8.01,40.62,42.9,7.85,48.78,0.0,4.82,1.0,4.33
95630,4510.19,8.65,29.38,25.16,16.56,7.77,47.7,28.0,93.33,106.0,93.82
95631,6146.0,5.76,4.73,26.24,18.29,7.14,39.17,8.0,42.65,10.0,19.82
95632,4446.67,9.47,39.54,40.84,43.36,9.21,65.7,6.0,34.89,53.0,62.58
95634,6781.0,6.18,7.76,23.65,13.46,5.48,17.39,1.0,13.11,6.0,13.72
95638,2390.0,9.54,40.92,31.25,27.42,7.47,43.47,3.0,23.66,5.0,11.98
95640,4509.5,7.97,14.98,62.35,70.82,12.52,90.9,5.0,30.78,19.0,29.09
95641,1984.0,8.28,20.16,36.33,35.99,7.6,45.12,1.0,13.11,8.0,16.69
95642,2995.0,6.06,4.97,141.43,98.3,13.47,94.46,5.0,30.78,27.0,37.72
95648,4373.45,8.43,24.74,35.26,34.25,7.87,48.93,28.0,93.33,88.0,87.72
95650,6753.0,7.86,17.81,23.25,13.26,5.57,19.11,8.0,42.65,24.0,34.89
95652,4644.0,9.54,40.92,107.13,94.09,11.06,83.28,,,,
95655,4436.0,9.54,40.92,35.46,34.26,10.13,75.81,1.0,13.11,3.0,8.21
95658,2879.0,7.86,17.81,27.84,21.18,5.82,21.59,6.0,34.89,17.0,26.71
95659,2551.0,8.28,20.16,28.51,22.48,7.71,46.86,0.0,4.82,0.0,1.51
95660,5233.6,9.28,35.93,97.44,90.13,10.93,76.75,15.0,68.43,76.0,81.16
95661,3721.75,7.86,17.81,45.21,49.62,9.31,66.49,25.0,89.9,79.0,82.78
95662,4557.5,8.44,24.11,38.76,39.7,8.8,60.07,21.0,82.86,62.0,70.12
95663,2482.0,7.86,17.81,21.88,10.52,5.08,13.39,3.0,23.66,5.0,11.98
95664,5044.0,7.86,17.81,26.96,19.49,6.25,26.83,0.0,4.82,4.0,9.98
95665,4740.0,5.57,4.0,65.74,74.79,8.77,60.38,2.0,19.29,17.0,26.71
95666,2887.0,5.12,2.95,71.16,78.3,9.63,69.34,3.0,23.66,15.0,24.6
95667,4774.75,8.14,20.05,44.79,48.5,7.67,46.09,20.0,81.09,105.0,93.59
95669,5871.0,9.54,40.92,48.88,54.79,12.74,91.9,1.0,13.11,5.0,11.98
95670,3862.5,9.48,39.73,57.59,65.71,10.02,73.13,27.0,92.39,100.0,91.94
95672,4408.5,8.7,30.7,19.94,7.97,5.31,16.33,2.0,19.29,7.0,15.34
95673,4085.0,9.12,32.61,71.07,79.1,14.44,96.0,2.0,19.29,22.0,32.67
95677,3266.17,7.86,17.81,41.99,44.64,6.73,33.58,10.0,50.41,26.0,36.66
95678,4109.78,7.86,17.81,46.92,52.01,8.83,61.01,13.0,61.23,56.0,65.18
95682,4908.17,8.7,30.7,30.2,25.21,7.55,44.51,12.0,57.61,67.0,74.27
95683,6784.0,9.12,32.61,25.83,17.54,8.02,50.8,7.0,39.11,10.0,19.82
95684,5896.0,5.51,3.97,30.03,25.18,5.32,15.67,1.0,13.11,4.0,9.98
95685,5020.0,5.93,4.82,81.39,85.92,9.67,71.19,1.0,13.11,8.0,16.69
95687,4912.69,7.86,17.81,71.55,79.57,9.48,68.71,39.0,98.79,91.0,89.07
95688,4518.75,7.86,17.81,74.07,80.95,9.26,66.17,13.0,61.23,54.0,63.49
95690,3976.0,9.12,32.61,35.46,34.26,8.29,54.63,0.0,4.82,4.0,9.98
95691,4939.14,9.18,34.71,60.0,69.03,9.74,71.92,15.0,68.43,52.0,61.94
95692,4233.0,7.86,17.81,52.85,60.03,11.19,84.23,1.0,13.11,4.0,9.98
95693,3979.5,9.33,36.76,31.69,27.92,7.62,45.66,3.0,23.66,2.0,6.56
95694,8106.0,7.44,11.8,37.5,37.71,7.8,48.07,4.0,27.13,9.0,18.12
95695,4480.0,7.02,10.74,54.64,62.4,8.6,58.18,20.0,81.09,75.0,80.6
95698,4193.0,7.44,11.8,66.12,75.08,7.83,48.47,0.0,4.82,0.0,1.51
95701,2934.0,6.18,7.76,15.07,3.37,2.81,0.42,0.0,4.82,2.0,6.56
95703,3060.0,7.02,10.74,35.21,33.89,4.66,9.43,1.0,13.11,6.0,13.72
95709,3408.0,6.7,8.72,43.61,47.11,7.62,45.34,0.0,4.82,7.0,15.34
95713,6481.0,5.76,4.73,29.78,24.77,5.71,20.12,4.0,27.13,17.0,26.71
95720,133.0,4.3,0.36,37.04,37.13,4.32,6.89,0.0,4.82,0.0,1.51
95722,4454.0,6.6,8.67,39.82,41.68,5.84,21.97,5.0,30.78,14.0,23.62
95724,1736.0,6.18,7.76,4.55,0.07,1.04,0.02,,,,
95726,4223.67,5.37,3.03,33.45,30.91,6.69,33.11,2.0,19.29,19.0,29.09
95728,4348.0,6.18,7.76,38.49,39.46,6.32,27.85,0.0,4.82,0.0,1.51
95742,3814.0,9.33,36.76,29.22,23.64,9.8,71.22,1.0,13.11,7.0,15.34
95746,5657.25,7.96,18.4,17.86,5.78,6.63,32.32,8.0,42.65,34.0,44.08
95747,5215.82,8.05,18.88,33.86,31.53,7.3,41.45,26.0,91.26,115.0,95.67
95757,6691.0,8.84,31.34,45.24,49.68,9.26,66.27,10.0,50.41,38.0,47.78
95758,5723.45,9.23,36.04,55.42,63.11,10.2,75.46,27.0,92.39,59.0,67.48
95762,5592.83,8.7,30.7,21.33,9.72,6.26,27.31,15.0,68.43,45.0,55.84
95765,5223.0,7.86,17.81,26.32,18.44,6.7,33.32,12.0,57.61,44.0,54.79
95776,5357.0,7.3,13.1,42.8,45.45,8.71,59.76,2.0,19.29,25.0,35.8
95811,1823.0,9.54,40.92,76.08,82.7,9.25,66.09,1.0,13.11,4.0,9.98
95814,2313.67,9.54,40.92,94.44,90.09,11.38,83.2,10.0,50.41,32.0,42.28
95815,4956.14,9.54,40.92,122.93,95.86,12.01,83.8,9.0,46.16,47.0,57.54
95816,3314.0,9.54,40.92,47.19,52.1,10.33,75.69,9.0,46.16,27.0,37.72
95817,4038.5,9.54,40.92,92.51,88.31,9.65,68.76,6.0,34.89,22.0,32.67
95818,2895.38,9.54,40.92,65.14,73.78,9.15,64.4,11.0,54.3,24.0,34.89
95819,4158.67,9.54,40.92,39.1,40.47,8.24,53.63,7.0,39.11,30.0,40.73
95820,4122.75,9.54,40.92,94.39,90.44,12.02,86.92,19.0,78.79,67.0,74.27
95821,4673.89,9.54,40.92,104.79,92.83,9.2,63.22,21.0,82.86,84.0,85.23
95822,4336.67,9.54,40.92,97.34,91.68,9.77,71.69,31.0,95.78,112.0,94.91
95823,5219.69,9.54,40.92,122.93,96.23,14.47,95.34,30.0,95.1,114.0,95.4
95824,4986.33,9.54,40.92,98.32,91.16,10.75,79.04,12.0,57.61,48.0,58.67
95825,3424.14,9.54,40.92,94.05,87.69,8.04,49.93,27.0,92.39,77.0,81.57
95826,3505.55,9.54,40.92,57.72,64.99,9.11,63.76,11.0,54.3,62.0,70.12
95827,3738.2,9.54,40.92,55.08,62.45,9.67,69.08,10.0,50.41,46.0,56.59
95828,5011.27,9.54,40.92,84.33,86.33,11.24,82.74,31.0,95.78,104.0,93.33
95829,4270.6,9.54,40.92,50.98,57.54,10.1,73.67,9.0,46.16,41.0,51.73
95830,4804.0,9.54,40.92,36.63,36.54,7.49,43.69,0.0,4.82,3.0,8.21
95831,4516.3,8.87,32.1,51.37,57.88,7.15,39.28,35.0,97.55,78.0,82.1
95832,8087.0,9.12,32.61,102.9,93.22,12.35,90.16,3.0,23.66,14.0,23.62
95833,4320.22,9.3,37.01,74.06,80.66,9.07,63.84,5.0,30.78,50.0,60.51
95834,4870.6,9.03,33.51,58.76,66.21,8.71,58.84,8.0,42.65,28.0,38.73
95835,6524.0,8.78,31.08,50.4,56.83,9.72,71.32,6.0,34.89,33.0,43.14
95836,253.0,8.28,20.16,33.91,31.5,8.21,53.63,0.0,4.82,1.0,4.33
95837,5537.0,8.49,25.43,57.74,63.14,9.92,68.4,0.0,4.82,0.0,1.51
95838,6575.8,9.54,40.92,105.27,93.54,15.67,98.25,16.0,71.48,66.0,73.47
95841,3921.25,9.43,38.84,97.05,89.98,9.52,66.64,13.0,61.23,41.0,51.73
95842,3858.71,8.94,32.71,88.55,87.99,9.28,65.5,7.0,39.11,39.0,49.36
95843,5618.12,8.65,29.38,54.27,61.77,8.85,61.01,16.0,71.48,44.0,54.79
95864,4173.43,9.54,40.92,49.01,54.47,6.65,32.6,11.0,54.3,60.0,68.24
95901,4540.38,8.23,23.61,43.3,45.9,12.46,87.87,15.0,68.43,71.0,77.69
95912,5183.0,7.44,11.8,35.39,34.17,7.74,47.34,0.0,4.82,6.0,13.72
95916,5157.0,7.44,11.8,62.46,71.85,11.25,84.59,0.0,4.82,5.0,11.98
95917,3404.0,8.28,20.16,56.36,64.57,13.88,95.85,2.0,19.29,4.0,9.98
95925,4941.0,7.02,10.74,23.22,12.74,4.62,8.96,,,,
95926,4106.29,9.54,40.92,40.25,41.76,7.63,45.48,16.0,71.48,51.0,61.34
95928,4489.71,9.54,40.92,42.96,46.28,7.79,47.89,13.0,61.23,65.0,72.49
95932,3843.0,7.86,17.81,53.6,61.11,13.58,94.66,3.0,23.66,21.0,31.12
95934,2785.0,6.0,4.89,25.12,16.23,5.82,21.59,0.0,4.82,1.0,4.33
95937,5325.0,6.57,8.0,26.83,19.24,4.39,7.29,0.0,4.82,1.0,4.33
95938,5297.0,9.12,32.61,31.8,28.43,6.76,34.06,2.0,19.29,14.0,23.62
95939,2373.0,5.55,3.99,42.53,45.8,8.01,50.7,0.0,4.82,1.0,4.33
95942,5266.0,7.44,11.8,31.03,27.12,6.64,32.29,0.0,4.82,5.0,11.98
95943,1564.0,8.7,30.7,26.91,19.37,7.01,37.33,0.0,4.82,1.0,4.33
95945,5225.75,5.45,4.12,77.7,83.38,11.0,82.08,23.0,86.81,110.0,94.5
95946,6926.0,6.18,7.76,38.66,39.78,7.95,50.01,5.0,30.78,16.0,25.47
95948,3645.33,8.28,20.16,49.81,56.06,11.28,84.05,8.0,42.65,21.0,31.12
95949,4267.5,6.32,7.55,34.55,32.79,7.74,47.28,9.0,46.16,39.0,49.36
95953,4674.33,8.28,20.16,34.15,32.14,9.78,69.37,7.0,39.11,14.0,23.62
95954,4295.5,9.54,40.92,60.11,68.44,12.36,89.15,4.0,27.13,45.0,55.84
95957,1561.0,8.28,20.16,80.73,85.44,9.88,73.58,1.0,13.11,4.0,9.98
95959,6284.0,5.62,4.46,49.77,55.71,9.16,65.08,8.0,42.65,55.0,64.36
95961,6664.5,8.59,28.06,45.58,50.18,13.59,94.8,10.0,50.41,52.0,61.94
95963,5516.33,9.54,40.92,39.49,40.97,7.9,48.97,15.0,68.43,43.0,53.65
95965,4098.86,8.82,30.93,78.9,81.48,14.51,94.27,19.0,78.79,57.0,66.28
95966,3982.71,8.22,20.99,80.57,84.12,12.16,88.52,19.0,78.79,96.0,90.62
95969,4790.4,9.45,39.26,49.29,55.41,10.77,80.68,27.0,92.39,85.0,85.8
95971,5500.0,9.54,40.92,52.69,59.89,9.63,70.78,5.0,30.78,9.0,18.12
95973,4517.11,9.49,40.0,30.78,26.47,6.62,32.14,22.0,84.82,83.0,84.63
95975,5744.0,5.76,4.73,34.28,32.02,7.4,42.63,2.0,19.29,1.0,4.33
95979,2495.0,6.02,4.9,35.87,34.98,9.48,68.71,2.0,19.29,3.0,8.21
95981,1161.0,8.7,30.7,35.99,35.2,7.08,38.42,0.0,4.82,1.0,4.33
95987,6055.0,7.02,10.74,30.94,26.95,9.47,68.68,0.0,4.82,7.0,15.34
95988,7636.0,8.7,30.7,60.7,69.8,11.94,88.31,2.0,19.29,16.0,25.47
95991,4343.89,8.7,30.7,40.59,42.86,12.26,89.83,26.0,91.26,84.0,85.23
95993,5358.14,8.64,29.19,22.23,11.38,9.19,65.3,22.0,84.82,86.0,86.4
96001,3240.7,6.18,7.76,80.53,85.23,9.14,64.77,17.0,74.04,97.0,91.07
96002,4365.25,6.18,7.76,66.62,75.22,8.27,54.0,20.0,81.09,94.0,90.09
96003,3723.0,6.03,6.66,50.59,57.0,8.13,52.09,27.0,92.39,122.0,96.87
96007,3835.0,6.18,7.76,54.97,62.21,10.66,79.01,13.0,61.23,64.0,71.55
96010,2281.0,6.17,5.06,22.77,11.98,7.51,43.86,0.0,4.82,1.0,4.33
96013,4392.0,5.07,2.4,44.86,49.05,12.17,89.4,2.0,19.29,16.0,25.47
96016,3083.0,5.31,2.59,37.75,38.0,7.81,48.29,0.0,4.82,1.0,4.33
96019,2999.33,5.48,4.19,68.69,77.2,14.46,96.72,7.0,39.11,23.0,34.02
96020,1978.5,5.55,5.26,61.26,68.69,9.5,66.26,2.0,19.29,4.0,9.98
96021,6125.33,9.54,40.92,59.69,68.67,13.95,95.8,6.0,34.89,38.0,47.78
96022,6542.0,6.18,7.76,36.84,36.6,8.96,62.65,5.0,30.78,47.0,57.54
96025,2175.0,4.89,1.98,57.9,66.43,16.71,99.26,0.0,4.82,7.0,15.34
96031,3412.0,4.45,0.37,30.82,26.73,6.21,26.29,0.0,4.82,1.0,4.33
96032,1847.0,7.86,17.81,25.79,17.48,7.27,40.95,2.0,19.29,9.0,18.12
96035,4112.0,7.86,17.81,68.97,77.78,17.69,99.58,0.0,4.82,11.0,20.84
96041,3105.0,6.06,4.99,27.99,21.38,17.99,99.6,2.0,19.29,10.0,19.82
96044,652.0,7.86,17.81,50.34,56.6,8.12,52.04,1.0,13.11,1.0,4.33
96047,4100.0,4.67,1.92,69.92,78.56,7.77,47.6,0.0,4.82,1.0,4.33
96051,1477.0,5.15,2.45,39.58,41.09,9.91,73.82,0.0,4.82,3.0,8.21
96052,3712.5,5.24,3.18,49.72,54.4,11.36,77.6,1.0,13.11,2.0,6.56
96056,2222.0,5.02,2.27,25.08,17.13,6.92,36.26,1.0,13.11,5.0,11.98
96058,1706.5,4.37,1.36,7.82,0.32,6.6,31.79,0.0,4.82,3.0,8.21
96064,4105.0,5.63,4.04,32.39,29.36,8.05,51.25,1.0,13.11,14.0,23.62
96065,5195.0,5.08,2.42,21.71,10.34,6.53,30.84,0.0,4.82,2.0,6.56
96067,6991.0,5.19,2.5,52.68,59.87,12.33,90.21,5.0,30.78,21.0,31.12
96073,3487.5,6.18,7.76,26.4,18.52,5.48,18.52,2.0,19.29,7.0,15.34
96080,5545.0,6.21,7.42,77.17,80.32,14.07,93.33,18.0,76.22,81.0,83.72
96088,3166.0,4.93,2.32,25.78,17.6,7.1,38.38,3.0,23.66,13.0,22.65
96094,7231.0,6.17,5.08,34.76,32.98,10.81,81.61,5.0,30.78,18.0,27.96
96097,3841.0,7.86,17.81,58.88,65.8,8.78,59.85,7.0,39.11,36.0,45.78
96101,3518.0,5.06,2.37,84.82,87.25,17.27,99.45,6.0,34.89,15.0,24.6
96103,1844.0,9.12,32.61,33.07,30.25,7.54,44.38,0.0,4.82,5.0,11.98
96104,1265.0,5.07,2.38,32.64,29.65,10.47,78.18,0.0,4.82,3.0,8.21
96108,2993.0,4.82,1.95,57.29,65.75,13.06,93.23,0.0,4.82,0.0,1.51
96113,3781.0,5.42,3.95,21.56,10.05,4.69,9.81,0.0,4.82,2.0,6.56
96114,3213.0,5.6,4.03,23.68,13.54,5.47,17.24,0.0,4.82,6.0,13.72
96117,9422.0,5.39,3.93,30.15,25.36,5.74,20.51,0.0,4.82,0.0,1.51
96120,1175.0,2.59,0.07,18.39,6.26,6.5,30.46,0.0,4.82,3.0,8.21
96122,4760.0,6.06,4.98,65.37,74.58,7.58,44.86,2.0,19.29,5.0,11.98
96124,3240.0,7.44,11.8,56.14,64.37,5.65,19.51,2.0,19.29,0.0,1.51
96130,3530.75,4.93,2.53,34.41,32.28,6.66,32.52,6.0,34.89,28.0,38.73
96132,1822.0,4.97,2.35,23.05,12.39,7.82,48.4,0.0,4.82,0.0,1.51
96140,1352.0,6.18,7.76,23.44,13.17,3.84,3.69,1.0,13.11,2.0,6.56
96142,709.0,4.09,0.35,43.38,46.84,2.88,0.52,0.0,4.82,1.0,4.33
96143,2614.5,5.97,6.24,14.91,3.51,3.6,4.62,1.0,13.11,1.0,4.33
96145,1052.67,5.48,3.93,22.64,11.91,4.22,6.27,0.0,4.82,3.0,8.21
96150,3072.8,3.67,0.31,24.04,14.23,4.14,5.68,10.0,50.41,39.0,49.36
96161,3614.4,6.94,10.33,10.08,0.76,3.07,0.86,5.0,30.78,10.0,19.82
